UWI,pozo,longitud,latitud,campo,flujo_bpd,P_cabeza,unidad_presion,T_ambiente_C,T_cabeza_C;;;;;;
10052,JAZMIN AC-07,-74.58806914,6.10877978,JAZMIN,9.897,60.0,psig,25.28434129955889,43.888888888888886;;;;;;
10071,JAZMIN P-07,-74.5869997,6.10571205,JAZMIN,59.18033333333334,68.0,psig,25.28434129955889,42.22222222222222;;;;;;
10072,JAZMIN P-09,-74.58691617,6.10574604,JAZMIN,90.47600000000001,63.0,psig,25.28434129955889,45.55555555555556;;;;;;
10093,JAZMIN N-01,-74.58038025,6.10753014,JAZMIN,42.07633333333333,60.0,psig,25.28434129955889,46.111111111111114;;;;;;
10096,JAZMIN AC-05,-74.58806923,6.1088702,JAZMIN,89.73233333333333,60.0,psig,25.28434129955889,60.0;;;;;;
10097,JAZMIN AC-03,-74.58813086,6.10896056,JAZMIN,90.47833333333332,60.0,psig,25.28434129955889,90.0;;;;;;
10098,JAZMIN AC-02,-74.58816648,6.10901252,JAZMIN,57.047,60.0,psig,25.28434129955889,52.22222222222222;;;;;;
10099,JAZMIN AD-01,-74.58907101,5.65315222,JAZMIN,23.546,50.0,psig,23.09289104335677,43.888888888888886;;;;;;
10100,JAZMIN AD-02,-74.58946657,6.10522934,JAZMIN,41.53966666666667,50.0,psig,25.28434129955889,41.666666666666664;;;;;;
10102,JAZMIN AD-04,-74.5894326,6.10512651,JAZMIN,93.525,80.0,psig,25.28434129955889,48.888888888888886;;;;;;
10106,JAZMIN U-01,-74.5856925,6.10197429,JAZMIN,64.70266666666666,58.0,psig,25.28434129955889,89.44444444444444;;;;;;
10107,JAZMIN U-02,-74.58569254,6.1020195,JAZMIN,17.35166666666667,59.0,psig,25.28434129955889,72.22222222222223;;;;;;
10108,JAZMIN U-03,-74.58569258,6.10206471,JAZMIN,29.96033333333333,50.0,psig,25.28434129955889,68.33333333333333;;;;;;
10109,JAZMIN U-04,-74.58569263,6.10210992,JAZMIN,45.07833333333333,58.0,psig,25.28434129955889,46.666666666666664;;;;;;
10111,JAZMIN U-06,-74.58569271,6.10220035,JAZMIN,34.99433333333333,59.0,psig,25.28434129955889,51.111111111111114;;;;;;
10112,JAZMIN U-07,-74.58569279,6.10229077,JAZMIN,24.803,58.0,psig,25.28434129955889,45.55555555555556;;;;;;
10149,JAZMIN AC-01,-74.58819192,6.1090498,JAZMIN,70.21000000000001,60.0,psig,25.28434129955889,65.55555555555556;;;;;;
10150,JAZMIN AC-04,-74.58813195,6.10892213,JAZMIN,27.44833333333333,60.0,psig,25.28434129955889,52.77777777777778;;;;;;
10151,JAZMIN AC-06,-74.58804661,6.10883292,JAZMIN,24.018,40.0,psig,25.28434129955889,96.11111111111111;;;;;;
10152,JAZMIN AD-05,-74.58941278,6.1050655,JAZMIN,18.199,90.0,psig,25.28434129955889,46.111111111111114;;;;;;
9672,JAZMIN E-01,-74.57940306,6.11618003,JAZMIN,68.89533333333334,60.0,psig,25.28434129955889,51.111111111111114;;;;;;
9675,JAZMIN E-05,-74.57969215,6.11618315,JAZMIN,129.113,60.0,psig,25.28434129955889,96.11111111111111;;;;;;
9676,JAZMIN E-06,-74.57971985,6.11621817,JAZMIN,53.81133333333333,60.0,psig,25.28434129955889,115.0;;;;;;
9677,JAZMIN E-07,-74.57974755,6.11625431,JAZMIN,74.50766666666667,49.0,psig,25.28434129955889,54.44444444444444;;;;;;
9678,JAZMIN E-08,-74.57978054,6.11651537,JAZMIN,30.47066666666667,60.0,psig,25.28434129955889,51.666666666666664;;;;;;
9679,JAZMIN E-10,-74.57970945,6.11657195,JAZMIN,110.747,48.0,psig,25.28434129955889,39.44444444444444;;;;;;
9680,JAZMIN G-03,-74.58293204,6.11510069,JAZMIN,25.442,40.0,psig,25.28434129955889,50.55555555555556;;;;;;
9681,JAZMIN G-04,-74.58293845,6.11530978,JAZMIN,15.318,50.0,psig,25.28434129955889,60.0;;;;;;
9683,JAZMIN G-06,-74.58291025,6.11534485,JAZMIN,64.37233333333333,50.0,psig,25.28434129955889,87.77777777777777;;;;;;
9684,JAZMIN G-07,-74.58281099,6.11546815,JAZMIN,65.04533333333333,38.0,psig,25.28434129955889,65.0;;;;;;
9685,JAZMIN I-01,-74.5777888,6.11190791,JAZMIN,40.33533333333333,68.0,psig,25.28434129955889,57.22222222222222;;;;;;
9686,JAZMIN I-02,-74.57774363,6.11190795,JAZMIN,63.021,68.0,psig,25.28434129955889,54.44444444444444;;;;;;
9687,JAZMIN I-03,-74.57780459,6.11188303,JAZMIN,50.77733333333333,67.0,psig,25.28434129955889,66.11111111111111;;;;;;
9688,JAZMIN I-04,-74.57765329,6.11190803,JAZMIN,111.2896666666667,68.0,psig,25.28434129955889,58.888888888888886;;;;;;
9689,JAZMIN I-05,-74.57760812,6.11190807,JAZMIN,14.79,68.0,psig,25.28434129955889,57.22222222222222;;;;;;
9691,JAZMIN I-07,-74.57751779,6.11190816,JAZMIN,41.667,69.0,psig,25.28434129955889,45.55555555555556;;;;;;
9692,JAZMIN I-08,-74.57747262,6.1119082,JAZMIN,74.662,72.0,psig,25.28434129955889,53.333333333333336;;;;;;
9694,JAZMIN I-10,-74.57738341,6.11190828,JAZMIN,66.375,70.0,psig,25.28434129955889,67.22222222222223;;;;;;
9695,JAZMIN K-01,-74.58033084,6.11388467,JAZMIN,129.075,60.0,psig,25.28434129955889,123.88888888888889;;;;;;
9696,JAZMIN K-02,-74.58037315,6.11384055,JAZMIN,130.062,60.0,psig,25.28434129955889,98.88888888888889;;;;;;
9697,JAZMIN K-03,-74.58035165,6.11379649,JAZMIN,186.3846666666667,60.0,psig,25.28434129955889,110.0;;;;;;
9698,JAZMIN K-04,-74.58050461,6.11373983,JAZMIN,119.551,60.0,psig,25.28434129955889,71.66666666666667;;;;;;
9699,JAZMIN K-07,-74.58063676,6.11377136,JAZMIN,114.21,63.0,psig,25.28434129955889,57.77777777777778;;;;;;
9700,JAZMIN K-08,-74.58068024,6.11377923,JAZMIN,223.929,116.0,psig,25.28434129955889,121.66666666666667;;;;;;
9702,JAZMIN M-02,-74.58439197,6.1095202,JAZMIN,73.36466666666666,71.0,psig,25.28434129955889,68.33333333333333;;;;;;
9704,JAZMIN M-04,-74.58426009,6.10977803,JAZMIN,18.423,60.0,psig,25.28434129955889,88.88888888888889;;;;;;
9706,JAZMIN M-06,-74.5842155,6.10978712,JAZMIN,90.75233333333334,72.0,psig,25.28434129955889,58.333333333333336;;;;;;
9707,JAZMIN M-07,-74.58417147,6.10979507,JAZMIN,111.8026666666667,75.0,psig,25.28434129955889,40.0;;;;;;
9708,JAZMIN M-08,-74.58395847,6.10965398,JAZMIN,30.70833333333333,60.0,psig,25.28434129955889,85.0;;;;;;
9709,JAZMIN M-09,-74.5839494,6.10960991,JAZMIN,75.65799999999999,70.0,psig,25.28434129955889,84.44444444444444;;;;;;
9710,JAZMIN M-10,-74.58382293,6.10961003,JAZMIN,46.86733333333333,74.0,psig,25.28434129955889,62.77777777777778;;;;;;
9711,JAZMIN N-03,-74.58036254,6.10852255,JAZMIN,100.2843333333333,70.0,psig,25.28434129955889,43.333333333333336;;;;;;
9712,JAZMIN N-05,-74.58032487,6.10869665,JAZMIN,34.92166666666667,70.0,psig,25.28434129955889,60.55555555555556;;;;;;
9715,JAZMIN N-08,-74.57992036,6.10843028,JAZMIN,84.99833333333332,79.0,psig,25.28434129955889,42.77777777777778;;;;;;
9716,JAZMIN N-09,-74.579935,6.10838166,JAZMIN,107.822,60.0,psig,25.28434129955889,43.888888888888886;;;;;;
9717,JAZMIN N-10,-74.57994399,6.10833644,JAZMIN,1.244333333333333,60.0,psig,25.28434129955889,55.55555555555556;;;;;;
9719,JAZMIN P-01,-74.58687046,6.10577095,JAZMIN,49.52200000000001,64.0,psig,25.28434129955889,42.77777777777778;;;;;;
9720,JAZMIN P-02,-74.58683432,6.10577098,JAZMIN,10.97366666666667,61.0,psig,25.28434129955889,45.0;;;;;;
9721,JAZMIN P-03,-74.5867982,6.1057891,JAZMIN,67.28666666666666,64.0,psig,25.28434129955889,56.666666666666664;;;;;;
9722,JAZMIN P-04,-74.58675306,6.10581627,JAZMIN,35.418,60.0,psig,25.28434129955889,76.11111111111111;;;;;;
9723,JAZMIN P-05,-74.5867079,6.10582536,JAZMIN,19.982,70.0,psig,25.28434129955889,42.77777777777778;;;;;;
9726,JAZMIN P-06,-74.58666275,6.10584349,JAZMIN,68.949,79.0,psig,25.28434129955889,37.77777777777778;;;;;;
9727,JAZMIN Q-01,-74.57718672,6.10620502,JAZMIN,141.1356666666667,80.0,psig,25.28434129955889,51.111111111111114;;;;;;
9728,JAZMIN Q-03,-74.5771145,6.10626838,JAZMIN,72.95433333333334,85.0,psig,25.28434129955889,47.22222222222222;;;;;;
9729,JAZMIN Q-04,-74.57707839,6.10629554,JAZMIN,51.02366666666667,80.0,psig,25.28434129955889,86.66666666666667;;;;;;
9730,JAZMIN Q-05,-74.57703551,6.10632497,JAZMIN,76.53533333333333,80.0,psig,25.28434129955889,68.88888888888889;;;;;;
9731,JAZMIN Q-06,-74.57688866,6.10626859,JAZMIN,99.05,90.0,psig,25.28434129955889,53.333333333333336;;;;;;
9745,JAZMIN S-01,-74.58258779,6.10504256,JAZMIN,99.51033333333334,60.0,psig,25.28434129955889,49.44444444444444;;;;;;
9746,JAZMIN S-02,-74.58258954,6.10509455,JAZMIN,38.13966666666667,77.0,psig,25.28434129955889,52.22222222222222;;;;;;
9747,JAZMIN S-03,-74.58259184,6.10513976,JAZMIN,140.9783333333334,64.0,psig,25.28434129955889,41.111111111111114;;;;;;
9748,JAZMIN S-04,-74.58259696,6.10517819,JAZMIN,45.31,60.0,psig,25.28434129955889,68.33333333333333;;;;;;
9749,JAZMIN S-05,-74.58241981,6.10532868,JAZMIN,61.22366666666667,56.0,psig,25.28434129955889,63.333333333333336;;;;;;
9750,JAZMIN S-06,-74.58300468,6.10707217,JAZMIN,12.346,60.0,psig,25.28434129955889,73.33333333333333;;;;;;
9751,JAZMIN S-07,-74.58233512,6.10533215,JAZMIN,58.12566666666667,55.0,psig,25.28434129955889,48.888888888888886;;;;;;
9752,JAZMIN S-08,-74.58228995,6.10533219,JAZMIN,18.56866666666667,60.0,psig,25.28434129955889,40.55555555555556;;;;;;
9754,JAZMIN S-10,-74.58210009,6.10516057,JAZMIN,65.783,60.0,psig,25.28434129955889,43.888888888888886;;;;;;
9755,JAZMIN S-11,-74.58210004,6.10511536,JAZMIN,16.75566666666667,58.0,psig,25.28434129955889,56.111111111111114;;;;;;
9756,JAZMIN T-01,-74.57852034,6.10440323,JAZMIN,60.767,78.0,psig,25.28434129955889,48.888888888888886;;;;;;
9757,JAZMIN T-02,-74.5784808,6.10438066,JAZMIN,33.47666666666667,76.0,psig,25.28434129955889,39.44444444444444;;;;;;
9758,JAZMIN T-03,-74.57840115,6.10433778,JAZMIN,101.3626666666667,77.0,psig,25.28434129955889,42.77777777777778;;;;;;
9945,JAZMIN G-01,-74.58286198,6.11504424,JAZMIN,124.6556666666667,60.0,psig,25.28434129955889,96.66666666666667;;;;;;
9946,JAZMIN G-02,-74.58289701,6.11507246,JAZMIN,26.006,37.0,psig,25.28434129955889,66.11111111111111;;;;;;
9947,JAZMIN N-04,-74.58036254,6.10852255,JAZMIN,12.48733333333333,60.0,psig,25.28434129955889,76.11111111111111;;;;;;
9948,JAZMIN G-08,-74.58274093,6.11541056,JAZMIN,94.81666666666666,20.0,psig,25.28434129955889,60.55555555555556;;;;;;
ABAR0028D,AMBAR-28D,-71.48923057,4.03614262,CAJUA,3182.256666666667,228.0,psig,25.85860577685652,66.66666666666667;;;;;;
ABAR0033,AMBAR-33,-71.45442153,4.05219268,CAJUA,895.9133333333334,148.0,psig,25.85860577685652,44.44444444444444;;;;;;
ABAR0041D,AMBAR-41D,-71.44913291,4.04419132,CAJUA,2380.553333333334,246.0,psig,25.85860577685652,70.0;;;;;;
ABAR004HST,AMBAR-4HST,-71.48937981,4.03607747,CAJUA,753.9533333333333,186.0,psig,25.85860577685652,68.88888888888889;;;;;;
ABAR0050,AMBAR-50,-71.49964114,4.02039204,CAJUA,617.0400000000001,244.0,psig,25.85860577685652,64.44444444444444;;;;;;
ABAR0055H,AMBAR-55H,-71.48980433,4.03612126,CAJUA,5349.743333333333,180.0,psig,25.85860577685652,65.55555555555556;;;;;;
ABAR0059H,AMBAR-59H,-71.4996412,4.02051864,CAJUA,1442.43,248.0,psig,25.85860577685652,65.0;;;;;;
ABAR0060H,AMBAR-60H,-71.49964117,4.02045534,CAJUA,1197.883333333333,246.0,psig,25.85860577685652,65.0;;;;;;
ABAR0067H,AMBAR-67H,-71.50212505,4.02941838,CAJUA,994.5233333333333,250.0,psig,25.85860577685652,63.888888888888886;;;;;;
ABAR0070D,AMBAR-70D,-71.49177129,4.04168805,CAJUA,1481.86,158.0,psig,25.85860577685652,56.666666666666664;;;;;;
ABAR0072H,AMBAR-72H,-71.48950736,4.03599074,CAJUA,3133.093333333333,146.0,psig,25.85860577685652,63.333333333333336;;;;;;
ABAR0075D,AMBAR-75D,-71.49169931,4.04169064,CAJUA,3942.366666666667,178.0,psig,25.85860577685652,67.22222222222223;;;;;;
ABAR0083D,AMBAR-83D,-71.45063417,4.00454527,CAJUA,1016.13,92.0,psig,25.85860577685652,65.55555555555556;;;;;;
ABAR0084D,AMBAR-84D,-71.45063278,4.00447326,CAJUA,1772.256666666667,107.0,psig,25.85860577685652,63.333333333333336;;;;;;
ABAR0089DST,AMBAR-89DST,-71.45062918,4.00432857,CAJUA,1973.103333333333,108.0,psig,25.85860577685652,44.44444444444444;;;;;;
ABAR0092D,AMBAR-92D,-71.4996411,4.0203206,CAJUA,2298.56,144.0,psig,25.85860577685652,55.55555555555556;;;;;;
ABRC0001,ABARCO-01,-74.55597755,6.14151207,ABARCO,41.515,300.0,psig,25.28434129955889,43.888888888888886;;;;;;
ABRC0002X,ABARCO X-02,-74.56320067,6.16532419,ABARCO,14.19433333333333,109.0,psig,25.28434129955889,98.33333333333333;;;;;;
ABRC0003AH,ABARCO AH-03,-74.55636571,6.16702243,ABARCO,96.24666666666667,100.0,psig,25.28434129955889,105.55555555555556;;;;;;
ABRC0007AW,ABARCO AW-07,-74.561463,6.13515376,ABARCO,72.41366666666666,90.0,psig,25.28434129955889,50.55555555555556;;;;;;
ACOD0015,ACORDIONERO-15,-73.56724893,7.94595674,ACORDIONERO,1074.83,130.0,psig,26.91826214887696,70.0;;;;;;
AGAP0001,AGAPANTO-1,-76.57128594,0.84458758,AGAPANTO,0.16,50.0,psig,18.01365934398487,30.0;;;;;;
AGAP0002,AGAPANTO-2,-76.57132012,0.84452996,AGAPANTO,0.06,50.0,psig,18.01365934398487,32.77777777777778;;;;;;
ALEA0001NO,ALEA NOROESTE-1,-76.380567,0.46984,PLATANILLO,1079.92,3514.28,psig,24.78118253950365,79.67777777777776;;;;;;
ALEA0001OST1,ALEA OESTE-1 ST1,-76.59578,0.469842,PLATANILLO,2075.13,2966.66,psig,22.61042751860522,81.11111111111111;;;;;;
ALEA0001RST1,ALEA 1R ST1,-76.59578,0.469847,PLATANILLO,3875.98,3300.0,psig,22.61042751860522,85.0;;;;;;
ALMA0002,ALMAGRO-2,-72.65918921,3.90607886,ALMAGRO,7510.86,31.3041,psig,26.09435872238951,90.55555555555556;;;;;;
ALMA0004,ALMAGRO-4,-72.65901598,3.90021773,VALDIVIA-ALMAGRO,4236.71,24.3041,psig,26.09435872238951,89.44444444444444;;;;;;
ALMA0005,ALMAGRO-5,-72.65874228,3.90024501,ALMAGRO,7754.46,65.3041,psig,26.09435872238951,90.55555555555556;;;;;;
ANGI0001S,ANGIE 1S,-73.88092866,6.39673085,LILIA,1.0,12.0,psig,23.58030478921798,51.111111111111114;;;;;;
ARRE0003,ARRECIFE-3,-75.430092,8.471597,ARRECIFE,2.11,1449.997380691327,psig,27.86711366607364,32.849999999999994;;;;;;
ARUC0001,ARUCHARA-1,-72.76586914,11.41030362,MARIA CONCHITA,28.81935484,336.3041,psig,28.16570621857724,12.777777777777779;;;;;;
AULL0001,AULL0001,-73.63372438,7.58902491,AULLADOR,41.134,110.0,psig,27.58407075573426,40.0;;;;;;
AULL0002ST1,AULLADOR-2ST1,-73.61579704,7.5957881,AULLADOR,200.89,33.0,psig,27.58407075573426,40.55555555555556;;;;;;
AZAF0001,AZAFRAN-1,-71.33290357,5.3924415,AZAFRAN,4692.388666666667,260.0,psig,27.99219308481821,82.22222222222223;;;;;;
BALL0008,BALLENA-8,-72.69929828,11.70300753,GUAJIRA,57.32,82.3041,psig,28.16570621857724,8.105555555555558;;;;;;
BENG0002,BENGALA-2,-71.988788,4.272353,ELIZITA,2148.68612903,121.0,psig,26.43734638856859,86.66666666666667;;;;;;
BENG0005,BENGALA-5,-71.994242,4.26704,ELIZITA,984.77806452,160.0,psig,26.43734638856859,70.55555555555556;;;;;;
BENG0006,BENGALA-6,-71.994318,4.276077,ELIZITA,167.35387097,155.0,psig,26.43734638856859,64.44444444444444;;;;;;
BENG0008,BENGALA-8,-71.983274,4.275767,ELIZITA,7772.57774194,278.0,psig,26.43734638856859,86.11111111111111;;;;;;
BENG0009,BENGALA-9,-71.97659129,4.27471555,ELIZITA,3448.35,170.0,psig,26.43734638856859,82.77777777777777;;;;;;
BENG0010,BENGALA-10,-71.99096567,4.26417624,ELIZITA,774.85,154.0,psig,26.43734638856859,84.44444444444444;;;;;;
BOLI0001,BOLIVAR-1,-72.856186,5.773514,BUENAVISTA,151.38709677,36.0,psig,14.44980575239278,31.666666666666668;;;;;;
BONG0001,BONGA-1,-75.069817,9.504691,BONGA,4.28,1031.698136318729,psig,28.37406395978997,38.611111111111114;;;;;;
BORAN0001,BORANDA-1,-73.56252535,7.67278833,BORANDA,25.05866666666667,2650.0,psig,27.58407075573426,53.333333333333336;;;;;;
BORAN0002ST,BORANDA-2ST,-73.56249879,7.67272139,BORANDA,0.2413333333333333,2686.0,psig,27.58407075573426,78.33333333333333;;;;;;
BORAN0003,BORANDA-3,-73.56247231,7.672654,BORANDA,57.46133333333333,76.0,psig,27.58407075573426,54.44444444444444;;;;;;
BULE0002S,BULLERENGUE SUR 2,-74.943082,10.621241,BULLERENGUE,4.36,473.0,psig,28.31366017488492,54.516666666666666;;;;;;
BULE0003O,BULLERENGUEOESTE-3,-74.94323488,10.62095403,BULLERENGUE,0.98,273.0,psig,28.31366017488492,34.62777777777777;;;;;;
BULE0004,BULLERENGUE-4,-74.939725,10.634967,BULLERENGUE,55.95,261.0,psig,28.31366017488492,34.26111111111111;;;;;;
CABI0007A,CABIONA-7A,-71.18461332,4.70009073,CABIONA B,2462.366666666667,67.0,psig,26.39223958367833,72.22222222222223;;;;;;
CABI0007B,CABIONA-7B,-71.18466039,4.70013721,CABIONA B,6219.833333333333,76.0,psig,26.39223958367833,68.88888888888889;;;;;;
CABI0007D,CABIONA-7D,-71.1845685,4.70004482,CABIONA B,829.4333333333333,61.0,psig,26.39223958367833,62.22222222222222;;;;;;
CABI0007E,CABIONA-7E,-71.18973337,4.68936936,CABIONA B,829.4333333333333,74.0,psig,26.39223958367833,65.55555555555556;;;;;;
CAIP0013,CAIP0013,-74.49936847,6.1166746,CAIPAL,0.406,110.0,psig,25.28434129955889,32.22222222222222;;;;;;
CAIP0015,CAIP0015,-74.49151403,6.13671457,CAIPAL,25.59233333333333,110.0,psig,25.28434129955889,32.22222222222222;;;;;;
CAIP0016,CAIP0016,-74.49408344,6.13141535,CAIPAL,174.1876666666667,70.0,psig,25.28434129955889,32.22222222222222;;;;;;
CAIP0017,CAIP0017,-74.49406656,6.13131427,CAIPAL,101.9286666666667,60.0,psig,25.28434129955889,32.22222222222222;;;;;;
CAIP0019,CAIP0019,-74.49943411,6.11662699,CAIPAL,0.5386666666666666,220.0,psig,25.28434129955889,32.22222222222222;;;;;;
CAIP0020,CAIP0020,-74.49622339,6.12830146,CAIPAL,0.4956666666666666,80.0,psig,25.28434129955889,32.22222222222222;;;;;;
CAIP0021,CAIP0021,-74.49619622,6.12821106,CAIPAL,0.6726666666666666,90.0,psig,25.28434129955889,32.22222222222222;;;;;;
CAIP0023,CAIP0023,-74.48805729,6.14118419,CAIPAL,13.628,140.0,psig,25.28434129955889,32.22222222222222;;;;;;
CAIP0024,CAIP0024,-74.49149601,6.13678693,CAIPAL,4.614999999999999,110.0,psig,25.28434129955889,32.22222222222222;;;;;;
CAIP0025,CAIP0025,-74.49395826,6.13145903,CAIPAL,0.627,90.0,psig,25.28434129955889,32.22222222222222;;;;;;
CAIP0027,CAIP0027,-74.49627751,6.12818386,CAIPAL,0.042,80.0,psig,25.28434129955889,32.22222222222222;;;;;;
CAIP0029,CAIP0029,-74.49927299,6.11645793,CAIPAL,0.1163333333333333,100.0,psig,25.28434129955889,32.22222222222222;;;;;;
CAIP0032,CAIP0032,-74.49937248,6.11637059,CAIPAL,0.6663333333333333,320.0,psig,25.28434129955889,32.22222222222222;;;;;;
CAIP0035,CAIP0035,-74.49145792,6.136949,CAIPAL,28.25333333333333,150.0,psig,25.28434129955889,32.22222222222222;;;;;;
CAIP0037,CAIP0037,-74.49688195,6.12339534,CAIPAL,3.402666666666667,140.0,psig,25.28434129955889,32.22222222222222;;;;;;
CAIP0039,CAIP0039,-74.49937845,6.11626768,CAIPAL,0.04466666666666667,100.0,psig,25.28434129955889,32.22222222222222;;;;;;
CAIP0043,CAIP0043,-74.49157991,6.13663314,CAIPAL,9.270333333333333,110.0,psig,25.28434129955889,32.22222222222222;;;;;;
CAIP0044,CAIP0044,-74.49169947,6.13690152,CAIPAL,10.28833333333333,120.0,psig,25.28434129955889,32.22222222222222;;;;;;
CAIP0050,CAIP0050,-74.49682481,6.1233367,CAIPAL,3.849666666666666,150.0,psig,25.28434129955889,32.22222222222222;;;;;;
CAIP0051,CAIP0051,-74.49461133,6.12318145,CAIPAL,0.03866666666666666,90.0,psig,25.28434129955889,32.22222222222222;;;;;;
CAIP0053,CAIP0053,-74.49449741,6.12329764,CAIPAL,0.04566666666666667,310.0,psig,25.28434129955889,32.22222222222222;;;;;;
CANT0015,CANT0015,-73.9216637,7.36395363,YARIGUI-CANTAGALLO,2.044,100.0,psig,27.58407075573426,37.77777777777778;;;;;;
CANT0023,CANT0023,-73.91817666,7.36386198,YARIGUI-CANTAGALLO,851.4259999999999,85.0,psig,27.58407075573426,37.77777777777778;;;;;;
CANT0027H,CANT0027H,-73.93722739,7.34211811,YARIGUI-CANTAGALLO,819.632,120.0,psig,27.58407075573426,37.77777777777778;;;;;;
CANT0028HST2,CANT0028HST2,-73.93729702,7.342176,YARIGUI-CANTAGALLO,36.40966666666667,100.0,psig,27.58407075573426,37.77777777777778;;;;;;
CANT0148H,CANT0148H,-73.91913826,7.36609465,YARIGUI-CANTAGALLO,0.9113333333333333,100.0,psig,27.58407075573426,37.77777777777778;;;;;;
CANT0149H,CANT0149H,-73.91909403,7.36616308,YARIGUI-CANTAGALLO,7.607,110.0,psig,27.58407075573426,37.77777777777778;;;;;;
CANT0153,CANT0153,-73.91899099,7.36632255,YARIGUI-CANTAGALLO,0.2843333333333333,100.0,psig,27.58407075573426,37.77777777777778;;;;;;
CANT0164,CANT0164,-73.93149898,7.34494287,YARIGUI-CANTAGALLO,76.71366666666667,92.0,psig,27.58407075573426,37.77777777777778;;;;;;
CANT0165,CANT0165,-73.92020083,7.36233484,YARIGUI-CANTAGALLO,0.9476666666666667,100.0,psig,27.58407075573426,37.77777777777778;;;;;;
CANT0167H,CANT0167H,-73.90768973,7.37373262,YARIGUI-CANTAGALLO,433.9653333333333,80.0,psig,27.58407075573426,37.77777777777778;;;;;;
CANT0170H,CANT0170H,-73.89610669,7.39154301,YARIGUI-CANTAGALLO,421.2713333333333,100.0,psig,27.58407075573426,37.77777777777778;;;;;;
CANT0172H,CANT0172H,-73.90763788,7.37363569,YARIGUI-CANTAGALLO,318.7503333333333,70.0,psig,27.58407075573426,37.77777777777778;;;;;;
CANT0173HST1,CANT0173HST1,-73.93705525,7.33711067,YARIGUI-CANTAGALLO,20.44533333333333,135.0,psig,27.58407075573426,37.77777777777778;;;;;;
CANT0174H,CANT0174H,-73.91870252,7.3711308,YARIGUI-CANTAGALLO,693.538,116.0,psig,27.58407075573426,37.77777777777778;;;;;;
CANT0175H,CANT0175H,-73.91878221,7.37117387,YARIGUI-CANTAGALLO,415.2243333333333,118.0,psig,27.58407075573426,37.77777777777778;;;;;;
CANT0176H,CANT0176H,-73.9369486,7.33696443,YARIGUI-CANTAGALLO,210.8023333333333,115.0,psig,27.58407075573426,37.77777777777778;;;;;;
CANT0178H,CANT0178H,-73.93139817,7.34469101,YARIGUI-CANTAGALLO,489.725,150.0,psig,27.58407075573426,37.77777777777778;;;;;;
CANT0180H,CANT0180H,-73.93700193,7.3370375,YARIGUI-CANTAGALLO,67.35266666666666,160.0,psig,27.58407075573426,37.77777777777778;;;;;;
CANT0181,CANT0181,-73.93726219,7.34262258,YARIGUI-CANTAGALLO,13.969,160.0,psig,27.58407075573426,37.77777777777778;;;;;;
CANT0182,CANT0182,-73.93737735,7.34248301,YARIGUI-CANTAGALLO,21.29666666666667,100.0,psig,27.58407075573426,37.77777777777778;;;;;;
CANT0184,CANT0184,-73.93743515,7.34241304,YARIGUI-CANTAGALLO,0.3183333333333334,90.0,psig,27.58407075573426,37.77777777777778;;;;;;
CARI0008,CARI0008,-77.01686689,0.59555204,CARIBE,355.084,263.0,psig,22.61042751860522,43.333333333333336;;;;;;
CCRA0001BS,CARACARA SUR B-1,-71.9646,4.127,CARACARA SUR BC,2899.89290323,50.0,psig,25.92292359442612,81.11111111111111;;;;;;
CCRA0002CS,CARACARA SUR C-2,-71.9478,4.1335,CARACARA SUR BC,1800.75967742,150.0,psig,25.92292359442612,65.55555555555556;;;;;;
CCRA0003CS,CARACARA SUR C-3,-71.9478,4.1334,CARACARA SUR BC,413.4916129,290.0,psig,25.92292359442612,54.44444444444444;;;;;;
CCRA0004BS,CARACARA SUR B-4,-71.9647,4.127,CARACARA SUR BC,2450.88774194,80.0,psig,25.92292359442612,81.66666666666667;;;;;;
CCRA0004ES,CARACARA SUR E-4,-72.00169274,4.11049443,CARACARA SUR A,7834.11,355.3041,psig,25.92292359442612,76.66666666666667;;;;;;
CCRA0005BS,CARACARA SUR B-5,-71.9646,4.127,CARACARA SUR BC,6244.70483871,50.0,psig,25.92292359442612,81.11111111111111;;;;;;
CCRA0005CS,CARACARA SUR C-5,-71.9478,4.1334,CARACARA SUR BC,1277.77806452,115.0,psig,25.92292359442612,62.77777777777778;;;;;;
CCRA0013AS,CARACARA SUR A-13,-71.9765397,4.11467814,CARACARA SUR A,4286.3,105.3041,psig,25.92292359442612,80.0;;;;;;
CCRA0017CS,CARACARA SUR C-17,-71.94072224,4.13592005,CARACARA SUR BC,331.8,100.0,psig,25.92292359442612,62.22222222222222;;;;;;
CCRA0018AS,CARACARA SUR A-18,-71.98831534,4.11684196,CARACARA SUR A,8536.76,95.3041,psig,25.92292359442612,81.66666666666667;;;;;;
CCRA0019AS,CARACARA SUR A-19,-71.97650427,4.11488985,CARACARA SUR A,1853.31,215.3041,psig,25.92292359442612,76.66666666666667;;;;;;
CEGO0002,CERRO GORDO-2,-72.748067,8.232778,CERRO GORDO,0.03322581,185.3041,psig,26.42791140341841,25.0;;;;;;
CERR0001,CERRITO-1,-72.508,7.967331,CERRITO,66.93541935,175.0,psig,26.42791140341841,40.55555555555556;;;;;;
CHUR0006,CHUR0006,-77.06953785,0.5393687,CHURUYACO,436.251,104.0,psig,22.61042751860522,54.44444444444444;;;;;;
CLIM0019,CANO LIMON-19,-71.117792,6.943752,CANO LIMON,133.5,6548.0,psig,28.23394362608959,34.58888888888889;;;;;;
CLON0002,COLON-2,-73.7329722,7.7045837,LA PALOMA (COLON),0.15,220.0,psig,27.58407075573426,34.44444444444444;;;;;;
COCO0019,COCO0019,-74.59595251,6.04773889,TECA-COCORNA,429.9553333333333,180.0,psig,25.28434129955889,53.888888888888886;;;;;;
COCO0020,COCO0020,-74.59326526,6.04772562,TECA-COCORNA,442.884,240.0,psig,25.28434129955889,118.33333333333333;;;;;;
COCO0022,COCO0022,-74.5910971,6.05038951,TECA-COCORNA,79.92866666666667,220.0,psig,25.28434129955889,36.666666666666664;;;;;;
COCO0024,COCO0024,-74.59229371,6.05133669,TECA-COCORNA,320.139,220.0,psig,25.28434129955889,55.55555555555556;;;;;;
COCO0027,COCO0027,-74.58933069,5.93104459,TECA-COCORNA,240.076,180.0,psig,25.28434129955889,61.666666666666664;;;;;;
COCO0029,COCO0029,-74.59740136,6.04384026,TECA-COCORNA,494.4516666666667,200.0,psig,25.28434129955889,65.0;;;;;;
COCO0030,COCO0030,-74.59206826,6.04695816,TECA-COCORNA,91.31666666666666,230.0,psig,25.28434129955889,77.77777777777777;;;;;;
COCO0031,COCO0031,-74.59600987,6.04513577,TECA-COCORNA,97.81666666666666,190.0,psig,25.28434129955889,54.44444444444444;;;;;;
COCO0034,COCO0034,-74.59861021,6.04637208,TECA-COCORNA,436.9203333333334,180.0,psig,25.28434129955889,75.55555555555556;;;;;;
COCO0035,COCO0035,-74.59342476,6.05161367,TECA-COCORNA,122.038,220.0,psig,25.28434129955889,48.888888888888886;;;;;;
COCO0037,COCO0037,-74.59331663,6.04891803,TECA-COCORNA,117.128,200.0,psig,25.28434129955889,41.666666666666664;;;;;;
COCO0039,COCO0039,-74.60106063,6.04374859,TECA-COCORNA,346.1666666666667,200.0,psig,25.28434129955889,43.888888888888886;;;;;;
COCO0040,COCO0040,-74.59851673,6.0489741,TECA-COCORNA,440.623,180.0,psig,25.28434129955889,52.77777777777778;;;;;;
COCO0041,COCO0041,-74.59737764,6.05032815,TECA-COCORNA,260.869,200.0,psig,25.28434129955889,55.0;;;;;;
COCO0042,COCO0042,-74.5961427,6.05181679,TECA-COCORNA,395.5573333333333,220.0,psig,25.28434129955889,125.55555555555556;;;;;;
COCO0043,COCO0043,-74.59228163,6.05289537,TECA-COCORNA,398.9826666666667,220.0,psig,25.28434129955889,98.88888888888889;;;;;;
COCO0044,COCO0044,-74.59978607,6.04510277,TECA-COCORNA,462.699,180.0,psig,25.28434129955889,51.111111111111114;;;;;;
COCO0045,COCO0045,-74.59970596,6.04280158,TECA-COCORNA,564.9403333333333,180.0,psig,25.28434129955889,56.111111111111114;;;;;;
COCO0046,COCO0046,-74.590982,6.05166459,TECA-COCORNA,262.112,220.0,psig,25.28434129955889,45.0;;;;;;
COCO0047,COCO0047,-74.59110887,6.04910775,TECA-COCORNA,151.9796666666667,220.0,psig,25.28434129955889,45.0;;;;;;
COCO0049,COCO0049,-74.59595083,6.04656226,TECA-COCORNA,343.328,200.0,psig,25.28434129955889,69.44444444444444;;;;;;
COCO0050,COCO0050,-74.59717726,6.04504537,TECA-COCORNA,428.7233333333334,200.0,psig,25.28434129955889,67.77777777777777;;;;;;
COCO0053,COCO0053,-74.59313005,6.04682943,TECA-COCORNA,326.7413333333333,210.0,psig,25.28434129955889,65.0;;;;;;
COHE0004,COHEMBI-4,-76.51110547,0.36211358,COHEMBI,6548.0,175.3041,psig,24.78118253950365,93.33333333333333;;;;;;
COHE0014,COHEMBI-14,-76.51121745,0.31038247,COHEMBI,835.78,110.0,psig,24.78118253950365,87.77777777777777;;;;;;
COST0047,COSTAYACO-47,-76.589468,0.989004,COSTAYACO,598.28,91.0,psig,18.01365934398487,71.55555555555556;;;;;;
CP60001X,CPE6-1X,-72.2079685,3.44161845,HAMACA,960.9633333333334,245.0,psig,25.73142541884535,73.88888888888889;;;;;;
CP6H0005,CPE6-H5,-72.20845836,3.47588311,HAMACA,424.4133333333333,162.0,psig,25.73142541884535,75.0;;;;;;
CPOR01702,CP-1702,-73.5076302,9.52636426,LA LOMA,346.0,76.0,psig,29.74563911529334,32.22222222222222;;;;;;
CPOR01706,CP-1706,-73.51737518,9.53059342,LA LOMA,250.0,78.0,psig,29.74563911529334,32.22222222222222;;;;;;
CRIS0004,CRIS0004,-73.69687304,7.52436943,CRISTALINA,48.72933333333334,45.0,psig,27.58407075573426,37.77777777777778;;;;;;
CRLI0001,CORALINO-1,-75.41756,8.49502,,17.72,2331.995787413682,psig,27.86711366607364,40.766666666666666;;;;;;
CRRL0001D,CORRALES 1D,-72.868994,5.806016,CORRALES,111.56129032,3600.0,psig,14.44980575239278,26.666666666666668;;;;;;
CRRL0005,CORRALES 5,-72.901063,5.788107,CORRALES,40.65,3600.0,psig,14.44980575239278,28.333333333333332;;;;;;
CRRL0006,CORRALES 6,-72.870568,5.806811,CORRALES,116.60806452,3600.0,psig,14.44980575239278,25.555555555555557;;;;;;
CTAY0030,COSTAYACO-30,-76.585189,1.002437,COSTAYACO,275.73,147.0,psig,18.01365934398487,79.44444444444444;;;;;;
CTAY0036,COSTAYACO-36,-76.585292,1.002417,COSTAYACO,34.16,3000.0,psig,18.01365934398487,60.0;;;;;;
CTAY0041,COSTAYACO-41,-76.864786,0.977536,COSTAYACO,1617.32,100.17,psig,18.01365934398487,89.44444444444444;;;;;;
FLAM0002,FLAM0002,-73.86581275,7.46606518,FLAMENCOS,1.393,30.0,psig,27.58407075573426,39.166666666666664;;;;;;
FLAM0003,FLAMENCOS-3,-73.8656803,7.46605915,WILDCAT,3.26,31.0,psig,27.58407075573426,36.72222222222222;;;;;;
FRAK0001ESTE,FRANKMAVE ESTE-1,-72.65665727,3.87842385,FRANKMAVE,3990.9,34.0,psig,26.09435872238951,96.66666666666667;;;;;;
GARZ0015,GARZ0015,-73.84143446,7.50519002,GARZAS,24.697,45.0,psig,27.58407075573426,37.77777777777778;;;;;;
GIMO0007,GIRASOL MONITOR-7,-74.57363838,6.13338954,GIRASOL,57.65266666666666,60.0,psig,25.28434129955889,51.666666666666664;;;;;;
GIRA0001B,GIRASOL B-01,-74.58454324,6.11906422,GIRASOL,32.05166666666666,80.0,psig,25.28434129955889,45.0;;;;;;
GIRA0001D,GIRASOL D-01,-74.58229924,6.12246399,GIRASOL,101.2776666666667,100.0,psig,25.28434129955889,79.44444444444444;;;;;;
GIRA0001E,GIRASOL E-01,-74.57957064,6.12150467,GIRASOL,40.53066666666667,100.0,psig,25.28434129955889,42.77777777777778;;;;;;
GIRA0001F,GIRASOL F-01,-74.58006497,6.12422029,GIRASOL,59.77,100.0,psig,25.28434129955889,46.666666666666664;;;;;;
GIRA0001G,GIRASOL G-01,-74.57682407,6.1218531,GIRASOL,81.60799999999999,90.0,psig,25.28434129955889,47.77777777777778;;;;;;
GIRA0001H,GIRASOL H-01,-74.5783829,6.12477684,GIRASOL,38.372,100.0,psig,25.28434129955889,57.22222222222222;;;;;;
GIRA0001PHAGHZA9,GIRASOL PH-AG HZ1 A9,-74.56880847,6.13646726,GIRASOL,47.39333333333333,60.0,psig,25.28434129955889,68.88888888888889;;;;;;
GIRA0001PHAHHZ8A11IST,GIRASOL PH-AH HZ8A11I ST,-74.57154759,6.13958095,GIRASOL,54.27033333333333,60.0,psig,25.28434129955889,56.666666666666664;;;;;;
GIRA0001PHAHHZA12,GIRASOL PH-AH HZ1 A12,-74.5710543,6.13980972,GIRASOL,18.63666666666667,60.0,psig,25.28434129955889,90.0;;;;;;
GIRA0001PHALHZA9,GIRASOL PH-AL HZ1 A9,-74.57088398,6.14126004,GIRASOL,79.64433333333334,60.0,psig,25.28434129955889,82.22222222222223;;;;;;
GIRA0002B,GIRASOL B-02,-74.58432884,6.11923058,GIRASOL,132.1663333333333,80.0,psig,25.28434129955889,40.55555555555556;;;;;;
GIRA0002D,GIRASOL D-02,-74.5821926,6.12254773,GIRASOL,57.78366666666667,100.0,psig,25.28434129955889,52.22222222222222;;;;;;
GIRA0002E,GIRASOL E-02,-74.57948698,6.12139737,GIRASOL,61.53766666666667,100.0,psig,25.28434129955889,79.44444444444444;;;;;;
GIRA0002G,GIRASOL G-02,-74.57671687,6.12193684,GIRASOL,19.26166666666667,80.0,psig,25.28434129955889,47.77777777777778;;;;;;
GIRA0002H,GIRASOL H-02,-74.5778111,6.12496048,GIRASOL,5.246666666666667,100.0,psig,25.28434129955889,63.888888888888886;;;;;;
GIRA0002PHAGHZA10ST,GIRASOL PH-AG HZ2A10 ST,-74.56889601,6.13648978,GIRASOL,0.5776666666666667,60.0,psig,25.28434129955889,52.22222222222222;;;;;;
GIRA0002PHAHHZA9,GIRASOL PH-AH HZ2 A9,-74.57114071,6.13983564,GIRASOL,13.198,60.0,psig,25.28434129955889,51.111111111111114;;;;;;
GIRA0002PHALHZA10,GIRASOL PH-AL HZ2-A10,-74.57067703,6.14155976,GIRASOL,8.876,60.0,psig,25.28434129955889,81.66666666666667;;;;;;
GIRA0003A,GIRASOL A-03,-74.58545175,6.11670897,GIRASOL,104.287,90.0,psig,25.28434129955889,55.0;;;;;;
GIRA0003B,GIRASOL B-03,-74.58422164,6.11931432,GIRASOL,16.64333333333333,80.0,psig,25.28434129955889,57.77777777777778;;;;;;
GIRA0003C,GIRASOL C-03,-74.5814019,6.11989229,GIRASOL,81.38633333333334,80.0,psig,25.28434129955889,82.22222222222223;;;;;;
GIRA0003D,GIRASOL D-03,-74.58211189,6.12257719,GIRASOL,96.98700000000001,90.0,psig,25.28434129955889,46.666666666666664;;;;;;
GIRA0003E,GIRASOL E-03,-74.57940388,6.1212912,GIRASOL,50.60333333333333,100.0,psig,25.28434129955889,43.888888888888886;;;;;;
GIRA0003F,GIRASOL F-03,-74.5802323,6.12443376,GIRASOL,40.63033333333333,100.0,psig,25.28434129955889,62.77777777777778;;;;;;
GIRA0003G,GIRASOL G-03,-74.57650416,6.12210319,GIRASOL,25.70033333333333,100.0,psig,25.28434129955889,44.166666666666664;;;;;;
GIRA0003PHAGHZA11B,GIRASOL PH-AG HZ3A11B,-74.56898299,6.13651344,GIRASOL,71.97633333333333,60.0,psig,25.28434129955889,68.88888888888889;;;;;;
GIRA0003PHALDEV,GIRASOL PH-AL-DEV3,-74.57146322,6.14177831,GIRASOL,11.96033333333333,60.0,psig,25.28434129955889,86.66666666666667;;;;;;
GIRA0003PHALHZA11,GIRASOL PH-AL HZ3-A11,-74.57074428,6.1416196,GIRASOL,5.5,60.0,psig,25.28434129955889,43.333333333333336;;;;;;
GIRA0004D,GIRASOL D-04,-74.58197933,6.12271521,GIRASOL,30.41466666666667,100.0,psig,25.28434129955889,53.333333333333336;;;;;;
GIRA0004E,GIRASOL E-04,-74.57932078,6.1211839,GIRASOL,59.651,100.0,psig,25.28434129955889,43.333333333333336;;;;;;
GIRA0004F,GIRASOL F-04,-74.58042988,6.12439289,GIRASOL,29.74966666666667,100.0,psig,25.28434129955889,52.22222222222222;;;;;;
GIRA0004G,GIRASOL G-04,-74.57661023,6.12202058,GIRASOL,60.12866666666666,80.0,psig,25.28434129955889,57.22222222222222;;;;;;
GIRA0004PHAGHZA9,GIRASOL PH-AG HZ4A9,-74.56907053,6.13653709,GIRASOL,8.233333333333333,60.0,psig,25.28434129955889,50.0;;;;;;
GIRA0004PHAHHZA12,GIRASOL PH-AH HZ4 A12,-74.57131354,6.1398886,GIRASOL,13.09966666666667,210.0,psig,25.28434129955889,87.77777777777777;;;;;;
GIRA0004PHALDEV,GIRASOL PH-AL-DEV04,-74.57101904,6.14138086,GIRASOL,87.30033333333334,60.0,psig,25.28434129955889,73.88888888888889;;;;;;
GIRA0005E,GIRASOL E-05,-74.57916602,6.12113205,GIRASOL,22.33133333333334,90.0,psig,25.28434129955889,50.0;;;;;;
GIRA0005PHAGHZA10,GIRASOL PH-AG HZ5A10,-74.5691575,6.13656075,GIRASOL,4.900333333333333,60.0,psig,25.28434129955889,48.888888888888886;;;;;;
GIRA0005PHAHHZA13,GIRASOL PH-AH HZ5 A13,-74.57142588,6.13986024,GIRASOL,32.36566666666667,60.0,psig,25.28434129955889,41.111111111111114;;;;;;
GIRA0006PHAGHZ6A11B,GIRASOL PH-AG HZ6 A11B,-74.56924504,6.13658328,GIRASOL,118.841,60.0,psig,25.28434129955889,63.888888888888886;;;;;;
GIRA0006PHAHZA9ST,GIRASOL PH-AH HZ6A9 ST,-74.57172098,6.13963391,GIRASOL,28.83566666666667,60.0,psig,25.28434129955889,96.11111111111111;;;;;;
GIRA0006PHALHZA9,GIRASOL PH-AL HZ6-A9,-74.57094602,6.14180026,GIRASOL,8.090333333333334,60.0,psig,25.28434129955889,50.0;;;;;;
GIRA0007PHALHZA10,GIRASOL PH-AL HZ7-A10,-74.57101384,6.14186124,GIRASOL,12.652,60.0,psig,25.28434129955889,72.77777777777777;;;;;;
GIRA0009PHAHHZA12,GIRASOL PH-AH HZ9 A12,-74.57146117,6.13955503,GIRASOL,54.71066666666666,60.0,psig,25.28434129955889,61.111111111111114;;;;;;
GIRA0012PHALHZA9ST,GIRASOL PH-AL HZ12 A9 ST,-74.57128804,6.14162136,GIRASOL,7.681333333333333,60.0,psig,25.28434129955889,55.55555555555556;;;;;;
GIRA0013PHALHZA10BR1,GIRASOL PH-AL HZ13 A10 BRAZO-1,-74.57122079,6.14156152,GIRASOL,30.01533333333333,60.0,psig,25.28434129955889,95.55555555555556;;;;;;
GIRA0014PHALHZA11IST,GIRASOL PH-AL HZ14A11I ST,-74.57115354,6.14150054,GIRASOL,122.608,60.0,psig,25.28434129955889,85.0;;;;;;
GIRA0015PHALHZA12,GIRASOL PH-AL HZ15 A12,-74.57108629,6.1414407,GIRASOL,82.04433333333333,60.0,psig,25.28434129955889,54.44444444444444;;;;;;
GURY0001,GURIYACO-1,-76.585335,1.002466,COSTAYACO,67.52,3200.0,psig,18.01365934398487,60.55555555555556;;;;;;
HAMA0002,HAMACA-2,-72.20493334,3.46121514,HAMACA,2209.496666666666,160.0,psig,25.73142541884535,73.33333333333333;;;;;;
HAMA0011HST,HAMACA-11HST,-72.22572375,3.45926299,HAMACA,3710.77,240.0,psig,25.73142541884535,76.66666666666667;;;;;;
HAMA0013H,HAMACA-13H,-72.19338448,3.46900007,HAMACA,4379.366666666667,114.0,psig,25.73142541884535,72.22222222222223;;;;;;
HAMA0016HST2,HAMACA-16HST2,-72.22573182,3.45932578,HAMACA,2286.93,250.0,psig,25.73142541884535,73.88888888888889;;;;;;
HAMA0020H,HAMACA-20H,-72.22572016,3.45940327,HAMACA,7255.95,258.0,psig,25.73142541884535,76.11111111111111;;;;;;
HAMA0023HST,HAMACA-23HST,-72.20499313,3.46132656,HAMACA,4996.11,165.0,psig,25.73142541884535,73.88888888888889;;;;;;
HAMA0024HST,HAMACA-24HST,-72.2050228,3.46138232,HAMACA,4711.583333333333,155.0,psig,25.73142541884535,74.44444444444444;;;;;;
HAMA0030,HAMACA-30,-72.19774867,3.45815868,HAMACA,4497.08,185.0,psig,25.73142541884535,72.77777777777777;;;;;;
HAMA0030D,HAMACA-30D,-72.20490305,3.46115904,HAMACA,2884.256666666667,190.0,psig,25.73142541884535,74.44444444444444;;;;;;
HAMA0032D,HAMACA-32D,-72.19344599,3.46893807,HAMACA,966.63,110.0,psig,25.73142541884535,72.22222222222223;;;;;;
HAMA0034H,HAMACA-34H,-72.20505274,3.46143807,HAMACA,2451.983333333333,185.0,psig,25.73142541884535,74.44444444444444;;;;;;
HAMA0035HST,HAMACA-35HST,-72.20508259,3.46149382,HAMACA,5218.013333333333,170.0,psig,25.73142541884535,75.55555555555556;;;;;;
HAMA0036HST,HAMACA-36HST,-72.21295897,3.45337516,HAMACA,4730.89,255.0,psig,25.73142541884535,75.0;;;;;;
HAMA0037H,HAMACA-37H,-72.21293731,3.45331578,HAMACA,5294.516666666666,255.0,psig,25.73142541884535,74.44444444444444;;;;;;
HAMA0038H,HAMACA-38H,-72.19323481,3.46917277,HAMACA,1840.643333333333,110.0,psig,25.73142541884535,72.22222222222223;;;;;;
HAMA0041HST,HAMACA-41HST,-72.21291573,3.45325631,HAMACA,3250.46,250.0,psig,25.73142541884535,73.88888888888889;;;;;;
HAMA0042H,HAMACA-42H,-72.21289425,3.45319685,HAMACA,5676.473333333333,255.0,psig,25.73142541884535,75.0;;;;;;
HAMA0043H,HAMACA-43H,-72.20495158,3.46142092,HAMACA,3484.163333333333,166.0,psig,25.73142541884535,75.55555555555556;;;;;;
HAMA0046H,HAMACA-46H,-72.20498143,3.46147667,HAMACA,5845.213333333333,175.0,psig,25.73142541884535,74.44444444444444;;;;;;
HAMA0054H,HAMACA-54H,-72.20833829,3.47584944,HAMACA,2413.333333333333,120.0,psig,25.73142541884535,75.0;;;;;;
HAMA0056H,HAMACA-56H,-72.21792611,3.46204051,HAMACA,5767.5,260.0,psig,25.73142541884535,75.0;;;;;;
HAMA0058H,HAMACA-58H,-72.21789006,3.46199534,HAMACA,2529.973333333333,242.0,psig,25.73142541884535,75.0;;;;;;
HAMA0059H,HAMACA-59H,-72.21780009,3.46199545,HAMACA,3333.56,250.0,psig,25.73142541884535,74.44444444444444;;;;;;
HAMA0089H,HAMACA-89H,-72.21300681,3.45350684,HAMACA,3581.3,260.0,psig,25.73142541884535,75.0;;;;;;
HAMA0099H,HAMACA-99H,-72.2129368,3.45349869,HAMACA,2817.096666666666,270.0,psig,25.73142541884535,71.11111111111111;;;;;;
HAMA0100HDST1,HAMACA-100D-STH,-72.20851948,3.47590347,HAMACA,3279.89,165.0,psig,25.73142541884535,75.55555555555556;;;;;;
HAMA0102D,HAMACA-102D,-72.22559198,3.45915203,HAMACA,1246.246666666667,235.0,psig,25.73142541884535,73.88888888888889;;;;;;
HAMA0104D,HAMACA-104D,-72.21904724,3.4449627,HAMACA,1829.906666666667,320.0,psig,25.73142541884535,74.44444444444444;;;;;;
JAGU0002,JAGUAR-2,-72.030497,4.225892,PEGUITA I,715.39967742,60.0,psig,25.92292359442612,68.88888888888889;;;;;;
JAGU0003A,JAGUAR-3A,-72.0271,4.2328,PEGUITA I,274.67967742,125.0,psig,25.92292359442612,62.77777777777778;;;;;;
JAGU0005,JAGUAR-5,-72.0242,4.2417,PEGUITA I,270.83709677,134.0,psig,25.92292359442612,56.666666666666664;;;;;;
JAGU0005T,JAGUAR T-05,-72.0595,4.2128,PEGUITA III,4955.59064516,200.0,psig,25.92292359442612,82.77777777777777;;;;;;
JAGU0007T,JAGUAR T-07,-72.0352,4.2366,PEGUITA I,5851.64032258,119.0,psig,25.92292359442612,85.0;;;;;;
JAGU0009,JAGUAR-9,-72.03734983,4.19723941,PEGUITA II,2376.43,155.0,psig,25.92292359442612,84.44444444444444;;;;;;
JAZM0001AA,JAZMIN AA-01,-74.57734573,6.09257469,JAZMIN,44.72566666666667,100.0,psig,25.28434129955889,52.22222222222222;;;;;;
JAZM0001AB,JAZMIN AB-01,-74.57927409,6.08860783,JAZMIN,60.8,40.0,psig,25.28434129955889,58.888888888888886;;;;;;
JAZM0001AE,JAZMIN AE-01,-74.58614847,6.1130993,JAZMIN,273.0516666666667,76.0,psig,25.28434129955889,47.22222222222222;;;;;;
JAZM0001AG,JAZMIN AG-01,-74.57804683,6.11980162,JAZMIN,27.39233333333333,55.0,psig,25.28434129955889,40.55555555555556;;;;;;
JAZM0001AH,JAZMIN AH-01,-74.5755463,6.120004,JAZMIN,47.26566666666667,75.0,psig,25.28434129955889,78.88888888888889;;;;;;
JAZM0001AJ,JAZMIN AJ-01,-74.56795386,6.11819461,JAZMIN,98.81233333333333,65.0,psig,25.28434129955889,46.666666666666664;;;;;;
JAZM0001AM,JAZMIN AM-01,-74.57602649,6.10808012,JAZMIN,54.35666666666667,96.0,psig,25.28434129955889,45.55555555555556;;;;;;
JAZM0001AN,JAZMIN AN-01,-74.58208511,6.1006202,JAZMIN,20.39233333333333,74.0,psig,25.28434129955889,66.11111111111111;;;;;;
JAZM0001AO,JAZMIN AO-01,-74.57674523,6.10075064,JAZMIN,75.43266666666666,20.0,psig,25.28434129955889,47.22222222222222;;;;;;
JAZM0001AP,JAZMIN AP-01,-74.58857844,6.09986357,JAZMIN,38.43166666666666,63.0,psig,25.28434129955889,66.66666666666667;;;;;;
JAZM0001AS,JAZMIN AS-01,-74.5818282,6.09697639,JAZMIN,48.53333333333333,30.0,psig,25.28434129955889,65.0;;;;;;
JAZM0001AT,JAZMIN AT-01,-74.57972146,6.09552141,JAZMIN,29.86166666666667,40.0,psig,25.28434129955889,41.111111111111114;;;;;;
JAZM0001AX,JAZMIN AX-01,-74.57469432,6.08942136,JAZMIN,42.60666666666667,100.0,psig,25.28434129955889,56.666666666666664;;;;;;
JAZM0001AZ,JAZMIN AZ-01,-74.57723554,6.08608548,JAZMIN,107.0926666666667,70.0,psig,25.28434129955889,50.55555555555556;;;;;;
JAZM0001B,JAZMIN B-01,-74.57033918,6.12412872,JAZMIN,40.73033333333333,20.0,psig,25.28434129955889,36.666666666666664;;;;;;
JAZM0001BA,JAZMIN BA-01,-74.57074011,6.118018,JAZMIN,38.26266666666667,40.0,psig,25.28434129955889,52.22222222222222;;;;;;
JAZM0001BD,JAZMIN BD-01,-74.56738781,6.12033816,JAZMIN,21.73166666666667,60.0,psig,25.28434129955889,53.888888888888886;;;;;;
JAZM0001BE,JAZMIN BE-01,-74.57232021,6.12079254,JAZMIN,149.641,40.0,psig,25.28434129955889,57.22222222222222;;;;;;
JAZM0001BF,JAZMIN BF-01,-74.5723752,6.11550385,JAZMIN,66.55166666666666,20.0,psig,25.28434129955889,52.77777777777778;;;;;;
JAZM0001BH,JAZMIN BH-01,-74.57094999,6.10983336,JAZMIN,18.954,100.0,psig,25.28434129955889,37.22222222222222;;;;;;
JAZM0001BI,JAZMIN BI-01,-74.57145798,6.10596956,JAZMIN,39.86300000000001,90.0,psig,25.28434129955889,83.88888888888889;;;;;;
JAZM0001BK,JAZMIN BK-01,-74.56767904,6.12269908,JAZMIN,18.745,20.0,psig,25.28434129955889,42.77777777777778;;;;;;
JAZM0001C,JAZMIN C-01,-74.57285447,6.12338154,JAZMIN,17.74566666666667,60.0,psig,25.28434129955889,77.22222222222223;;;;;;
JAZM0001CB,JAZMIN CB-01,-74.56581847,6.12441543,JAZMIN,47.13033333333333,40.0,psig,25.28434129955889,42.22222222222222;;;;;;
JAZM0001CI,JAZMIN CI-01,-74.58031558,6.09933107,JAZMIN,33.44833333333334,70.0,psig,25.28434129955889,46.111111111111114;;;;;;
JAZM0001CJ,JAZMIN CJ-01,-74.57567686,6.09877023,JAZMIN,65.44233333333334,40.0,psig,25.28434129955889,45.55555555555556;;;;;;
JAZM0001CK,JAZMIN CK-01,-74.57913945,6.09440183,JAZMIN,3.311666666666667,40.0,psig,25.28434129955889,41.666666666666664;;;;;;
JAZM0001CM,JAZMIN CM-01,-74.57747161,6.09044759,JAZMIN,46.10666666666667,120.0,psig,25.28434129955889,38.333333333333336;;;;;;
JAZM0001D,JAZMIN D-01,-74.57597112,6.11536376,JAZMIN,99.18299999999999,62.0,psig,25.28434129955889,48.888888888888886;;;;;;
JAZM0001F,JAZMIN F-01,-74.56989733,6.11639228,JAZMIN,28.204,20.0,psig,25.28434129955889,64.44444444444444;;;;;;
JAZM0001H,JAZMIN H-01,-74.57267477,6.11279088,JAZMIN,43.812,50.0,psig,25.28434129955889,47.22222222222222;;;;;;
JAZM0001J,JAZMIN J-01,-74.57161915,6.10993899,JAZMIN,78.015,120.0,psig,25.28434129955889,60.0;;;;;;
JAZM0001O,JAZMIN O-01,-74.57170167,6.10695495,JAZMIN,102.483,40.0,psig,25.28434129955889,38.888888888888886;;;;;;
JAZM0001W,JAZMIN W-01,-74.57488757,6.10062803,JAZMIN,142.6123333333333,40.0,psig,25.28434129955889,63.888888888888886;;;;;;
JAZM0001X,JAZMIN X-01,-74.5836504,6.09543183,JAZMIN,7.879666666666666,20.0,psig,25.28434129955889,53.333333333333336;;;;;;
JAZM0001Y,JAZMIN Y-01,-74.57709596,6.09661119,JAZMIN,133.7093333333333,40.0,psig,25.28434129955889,52.22222222222222;;;;;;
JAZM0001Z,JAZMIN Z-1,-74.58129601,6.09237321,JAZMIN,29.905,20.0,psig,25.28434129955889,41.111111111111114;;;;;;
JAZM0002A,JAZMIN A-02,-74.56679242,6.12561943,JAZMIN,40.95933333333333,50.0,psig,25.28434129955889,45.0;;;;;;
JAZM0002AA,JAZMIN AA-02,-74.57722654,6.09251037,JAZMIN,97.95033333333335,80.0,psig,25.28434129955889,73.33333333333333;;;;;;
JAZM0002AB,JAZMIN AB-02,-74.579191,6.08850053,JAZMIN,23.2,60.0,psig,25.28434129955889,41.666666666666664;;;;;;
JAZM0002AE,JAZMIN AE-02,-74.58611005,6.11307673,JAZMIN,147.8536666666667,80.0,psig,25.28434129955889,74.44444444444444;;;;;;
JAZM0002AF,JAZMIN AF-02,-74.56958304,6.12092843,JAZMIN,22.12066666666667,20.0,psig,25.28434129955889,43.333333333333336;;;;;;
JAZM0002AG,JAZMIN AG-02,-74.57806147,6.11975978,JAZMIN,45.544,50.0,psig,25.28434129955889,43.888888888888886;;;;;;
JAZM0002AH,JAZMIN AH-02,-74.57552537,6.11995994,JAZMIN,107.6683333333333,60.0,psig,25.28434129955889,45.55555555555556;;;;;;
JAZM0002AI,JAZMIN AI-02,-74.57299907,6.11854037,JAZMIN,76.85,20.0,psig,25.28434129955889,44.44444444444444;;;;;;
JAZM0002AJ,JAZMIN AJ-02,-74.56791446,6.1183235,JAZMIN,48.90133333333333,72.0,psig,25.28434129955889,86.66666666666667;;;;;;
JAZM0002AM,JAZMIN AM-02,-74.57592139,6.10799431,JAZMIN,10.78166666666667,80.0,psig,25.28434129955889,45.0;;;;;;
JAZM0002AN,JAZMIN AN-02,-74.58204782,6.10059537,JAZMIN,46.41533333333334,60.0,psig,25.28434129955889,59.44444444444444;;;;;;
JAZM0002AO,JAZMIN AO-02,-74.5766328,6.10067502,JAZMIN,6.026,20.0,psig,25.28434129955889,44.44444444444444;;;;;;
JAZM0002AP,JAZMIN AP-02,-74.58855808,6.0998229,JAZMIN,33.03866666666666,66.0,psig,25.28434129955889,44.44444444444444;;;;;;
JAZM0002AQ,JAZMIN AQ-02,-74.58543062,6.09848194,JAZMIN,35.73533333333333,40.0,psig,25.28434129955889,83.33333333333333;;;;;;
JAZM0002AS,JAZMIN AS-02,-74.58186318,6.09694697,JAZMIN,40.51166666666666,20.0,psig,25.28434129955889,46.666666666666664;;;;;;
JAZM0002AT,JAZMIN AT-02,-74.57975828,6.09565249,JAZMIN,63.14366666666667,20.0,psig,25.28434129955889,45.0;;;;;;
JAZM0002AWY,JAZMIN AWY-02,-74.58248199,6.0897114,JAZMIN,46.45566666666667,80.0,psig,25.28434129955889,50.55555555555556;;;;;;
JAZM0002AZ,JAZMIN AZ-02,-74.57707293,6.08586844,JAZMIN,32.36933333333334,60.0,psig,25.28434129955889,60.55555555555556;;;;;;
JAZM0002B,JAZMIN B-02,-74.57020366,6.12411528,JAZMIN,38.37566666666667,50.0,psig,25.28434129955889,60.55555555555556;;;;;;
JAZM0002BA,JAZMIN BA-02,-74.57064817,6.11811755,JAZMIN,14.03733333333333,50.0,psig,25.28434129955889,42.22222222222222;;;;;;
JAZM0002BC,JAZMIN BC-02,-74.57915316,6.09882352,JAZMIN,19.771,40.0,psig,25.28434129955889,56.666666666666664;;;;;;
JAZM0002BD,JAZMIN BD-02,-74.56725401,6.12035976,JAZMIN,14.04966666666667,50.0,psig,25.28434129955889,53.333333333333336;;;;;;
JAZM0002BE,JAZMIN BE-02,-74.57228678,6.12066146,JAZMIN,36.11666666666667,20.0,psig,25.28434129955889,46.666666666666664;;;;;;
JAZM0002BF,JAZMIN BF-02,-74.57226799,6.11558646,JAZMIN,7.123666666666667,37.0,psig,25.28434129955889,43.888888888888886;;;;;;
JAZM0002BG,JAZMIN BG-02,-74.57415778,6.1125352,JAZMIN,21.724,40.0,psig,25.28434129955889,37.77777777777778;;;;;;
JAZM0002BH,JAZMIN BH-02,-74.57072693,6.10979739,JAZMIN,6.442333333333334,100.0,psig,25.28434129955889,43.888888888888886;;;;;;
JAZM0002BI,JAZMIN BI-02,-74.57141519,6.10609732,JAZMIN,54.88066666666667,110.0,psig,25.28434129955889,41.666666666666664;;;;;;
JAZM0002BJ,JAZMIN BJ-02,-74.57374972,6.10779626,JAZMIN,5.676333333333333,50.0,psig,25.28434129955889,45.0;;;;;;
JAZM0002BK,JAZMIN BK-02,-74.5675441,6.1226992,JAZMIN,33.60233333333333,20.0,psig,25.28434129955889,39.44444444444444;;;;;;
JAZM0002C,JAZMIN C-02,-74.57274768,6.123298,JAZMIN,93.798,75.0,psig,25.28434129955889,45.55555555555556;;;;;;
JAZM0002CI,JAZMIN CI-02,-74.58022703,6.09943401,JAZMIN,9.716666666666667,60.0,psig,25.28434129955889,39.44444444444444;;;;;;
JAZM0002CJ,JAZMIN CJ-02,-74.57554978,6.09872288,JAZMIN,69.61033333333333,40.0,psig,25.28434129955889,52.22222222222222;;;;;;
JAZM0002CK,JAZMIN CK-02,-74.57902717,6.09447767,JAZMIN,2.932666666666667,40.0,psig,25.28434129955889,38.333333333333336;;;;;;
JAZM0002CM,JAZMIN CM-02,-74.57740321,6.09033055,JAZMIN,11.63466666666667,100.0,psig,25.28434129955889,41.111111111111114;;;;;;
JAZM0002CP,JAZMIN CP-02,-74.58057735,6.08941252,JAZMIN,39.65933333333333,60.0,psig,25.28434129955889,56.111111111111114;;;;;;
JAZM0002CR,JAZMIN CR-02,-74.57468805,6.11447541,JAZMIN,4.524,47.0,psig,25.28434129955889,63.333333333333336;;;;;;
JAZM0002D,JAZMIN D-02,-74.57597116,6.11540898,JAZMIN,61.09,58.0,psig,25.28434129955889,45.0;;;;;;
JAZM0002F,JAZMIN F-02,-74.56981988,6.11628158,JAZMIN,18.69366666666667,40.0,psig,25.28434129955889,48.333333333333336;;;;;;
JAZM0002J,JAZMIN J-02,-74.57148532,6.10991764,JAZMIN,25.776,100.0,psig,25.28434129955889,45.0;;;;;;
JAZM0002L,JAZMIN L-02,-74.57478585,6.10971793,JAZMIN,28.63133333333333,100.0,psig,25.28434129955889,37.22222222222222;;;;;;
JAZM0002O,JAZMIN O-02,-74.57157346,6.10691211,JAZMIN,41.924,110.0,psig,25.28434129955889,64.44444444444444;;;;;;
JAZM0002W,JAZMIN W-02,-74.5748135,6.10051507,JAZMIN,94.80133333333333,40.0,psig,25.28434129955889,43.888888888888886;;;;;;
JAZM0002X,JAZMIN X-02,-74.58360805,6.09541718,JAZMIN,72.64200000000001,20.0,psig,25.28434129955889,51.111111111111114;;;;;;
JAZM0002Z,JAZMIN Z-2,-74.58126436,6.09234046,JAZMIN,19.38166666666667,50.0,psig,25.28434129955889,53.333333333333336;;;;;;
JAZM0003A,JAZMIN A-03,-74.56637783,6.12608097,JAZMIN,72.50366666666667,40.0,psig,25.28434129955889,54.44444444444444;;;;;;
JAZM0003AA,JAZMIN AA-03,-74.57710736,6.09244493,JAZMIN,97.29333333333334,100.0,psig,25.28434129955889,49.44444444444444;;;;;;
JAZM0003AB,JAZMIN AB-03,-74.5791079,6.08839323,JAZMIN,61.338,40.0,psig,25.28434129955889,49.44444444444444;;;;;;
JAZM0003AE,JAZMIN AE-03,-74.58607107,6.11305303,JAZMIN,18.049,80.0,psig,25.28434129955889,50.55555555555556;;;;;;
JAZM0003AF,JAZMIN AF-03,-74.5695809,6.12106406,JAZMIN,30.661,40.0,psig,25.28434129955889,43.333333333333336;;;;;;
JAZM0003AH,JAZMIN AH-03,-74.57550388,6.11992379,JAZMIN,17.75133333333333,71.0,psig,25.28434129955889,58.333333333333336;;;;;;
JAZM0003AI,JAZMIN AI-03,-74.57291936,6.11843081,JAZMIN,173.2046666666667,20.0,psig,25.28434129955889,41.111111111111114;;;;;;
JAZM0003AJ,JAZMIN AJ-03,-74.56787505,6.11845352,JAZMIN,17.12633333333333,60.0,psig,25.28434129955889,47.77777777777778;;;;;;
JAZM0003AK,JAZMIN AK-03,-74.5693199,6.11410623,JAZMIN,68.98066666666666,67.0,psig,25.28434129955889,42.22222222222222;;;;;;
JAZM0003AM,JAZMIN AM-03,-74.57581629,6.10790851,JAZMIN,20.04566666666667,20.0,psig,25.28434129955889,42.77777777777778;;;;;;
JAZM0003AN,JAZMIN AN-03,-74.58200997,6.10057054,JAZMIN,52.09333333333333,60.0,psig,25.28434129955889,76.66666666666667;;;;;;
JAZM0003AO,JAZMIN AO-03,-74.57651981,6.10059939,JAZMIN,93.99166666666666,20.0,psig,25.28434129955889,53.333333333333336;;;;;;
JAZM0003AP,JAZMIN AP-03,-74.58853771,6.09978223,JAZMIN,15.45466666666667,63.0,psig,25.28434129955889,83.33333333333333;;;;;;
JAZM0003AQ,JAZMIN AQ-03,-74.58541701,6.09842092,JAZMIN,17.2,70.0,psig,25.28434129955889,60.55555555555556;;;;;;
JAZM0003AS,JAZMIN AS-03,-74.58189816,6.09691868,JAZMIN,55.59766666666667,40.0,psig,25.28434129955889,62.77777777777778;;;;;;
JAZM0003AV,JAZMIN AV-03,-74.58463516,6.09252832,JAZMIN,41.38766666666667,20.0,psig,25.28434129955889,40.0;;;;;;
JAZM0003AWY,JAZMIN AWY-03,-74.58245091,6.08967865,JAZMIN,17.715,40.0,psig,25.28434129955889,45.55555555555556;;;;;;
JAZM0003AX,JAZMIN AX-03,-74.57471125,6.08940665,JAZMIN,78.21566666666666,70.0,psig,25.28434129955889,60.0;;;;;;
JAZM0003AY,JAZMIN AY-03,-74.58001541,6.08680094,JAZMIN,61.23800000000001,40.0,psig,25.28434129955889,57.77777777777778;;;;;;
JAZM0003AZ,JAZMIN AZ-03,-74.5769804,6.08581249,JAZMIN,89.17966666666666,60.0,psig,25.28434129955889,85.0;;;;;;
JAZM0003B,JAZMIN B-03,-74.57006926,6.12410071,JAZMIN,94.07266666666666,40.0,psig,25.28434129955889,45.55555555555556;;;;;;
JAZM0003BA,JAZMIN BA-03,-74.570563,6.11822387,JAZMIN,10.08333333333333,40.0,psig,25.28434129955889,48.333333333333336;;;;;;
JAZM0003BB,JAZMIN BB-03,-74.58114278,6.11812589,JAZMIN,9.368333333333334,40.0,psig,25.28434129955889,42.22222222222222;;;;;;
JAZM0003BC,JAZMIN BC-03,-74.57902277,6.09886094,JAZMIN,39.59166666666667,60.0,psig,25.28434129955889,57.77777777777778;;;;;;
JAZM0003BF,JAZMIN BF-03,-74.57216079,6.11566907,JAZMIN,51.834,37.0,psig,25.28434129955889,56.111111111111114;;;;;;
JAZM0003BG,JAZMIN BG-03,-74.57403248,6.11258843,JAZMIN,50.65633333333334,40.0,psig,25.28434129955889,49.44444444444444;;;;;;
JAZM0003BH,JAZMIN BH-03,-74.5705931,6.10977604,JAZMIN,27.96033333333333,100.0,psig,25.28434129955889,42.77777777777778;;;;;;
JAZM0003BI,JAZMIN BI-03,-74.5713724,6.10622621,JAZMIN,96.125,20.0,psig,25.28434129955889,47.77777777777778;;;;;;
JAZM0003BJ,JAZMIN BJ-03,-74.57361421,6.10779412,JAZMIN,41.04,90.0,psig,25.28434129955889,44.44444444444444;;;;;;
JAZM0003CI,JAZMIN CI-03,-74.58013792,6.09953582,JAZMIN,56.449,60.0,psig,25.28434129955889,47.77777777777778;;;;;;
JAZM0003CJ,JAZMIN CJ-03,-74.57542271,6.09867552,JAZMIN,40.59466666666666,20.0,psig,25.28434129955889,42.22222222222222;;;;;;
JAZM0003CK,JAZMIN CK-03,-74.57891432,6.09455237,JAZMIN,107.1916666666667,40.0,psig,25.28434129955889,44.44444444444444;;;;;;
JAZM0003CM,JAZMIN CM-03,-74.57733481,6.09021352,JAZMIN,104.4863333333333,110.0,psig,25.28434129955889,42.22222222222222;;;;;;
JAZM0003CQ,JAZMIN CQ-03,-74.57820369,6.10084989,JAZMIN,36.22433333333333,30.0,psig,25.28434129955889,35.55555555555556;;;;;;
JAZM0003CR,JAZMIN CR-03,-74.57457915,6.11455577,JAZMIN,28.356,20.0,psig,25.28434129955889,49.44444444444444;;;;;;
JAZM0003D,JAZMIN D-03,-74.57597435,6.11580571,JAZMIN,108.67,59.0,psig,25.28434129955889,61.666666666666664;;;;;;
JAZM0003F,JAZMIN F-03,-74.56974242,6.11616975,JAZMIN,80.617,40.0,psig,25.28434129955889,58.888888888888886;;;;;;
JAZM0003H,JAZMIN H-03,-74.57240548,6.11282051,JAZMIN,5.436333333333334,40.0,psig,25.28434129955889,41.666666666666664;;;;;;
JAZM0003J,JAZMIN J-03,-74.57135148,6.10989629,JAZMIN,104.605,100.0,psig,25.28434129955889,53.888888888888886;;;;;;
JAZM0003O,JAZMIN O-03,-74.57144413,6.10686928,JAZMIN,93.09233333333333,90.0,psig,25.28434129955889,76.11111111111111;;;;;;
JAZM0003Z,JAZMIN Z-3,-74.58123271,6.09230884,JAZMIN,63.95533333333334,52.0,psig,25.28434129955889,57.22222222222222;;;;;;
JAZM0004A,JAZMIN A-04,-74.56676293,6.12548721,JAZMIN,44.87,40.0,psig,25.28434129955889,45.55555555555556;;;;;;
JAZM0004AA,JAZMIN AA-04,-74.57698817,6.09238061,JAZMIN,27.69166666666667,100.0,psig,25.28434129955889,57.22222222222222;;;;;;
JAZM0004AB,JAZMIN AB-04,-74.57902537,6.08828593,JAZMIN,104.192,60.0,psig,25.28434129955889,83.33333333333333;;;;;;
JAZM0004AE,JAZMIN AE-04,-74.58603209,6.11303046,JAZMIN,18.465,80.0,psig,25.28434129955889,66.66666666666667;;;;;;
JAZM0004AH,JAZMIN AH-04,-74.57548296,6.11988425,JAZMIN,18.763,60.0,psig,25.28434129955889,54.44444444444444;;;;;;
JAZM0004AI,JAZMIN AI-04,-74.57283908,6.11832124,JAZMIN,51.082,20.0,psig,25.28434129955889,78.88888888888889;;;;;;
JAZM0004AJ,JAZMIN AJ-04,-74.56783621,6.11858354,JAZMIN,41.095,79.0,psig,25.28434129955889,43.333333333333336;;;;;;
JAZM0004AKB,JAZMIN AK-04B,-74.56939674,6.11416832,JAZMIN,62.81166666666666,60.0,psig,25.28434129955889,47.77777777777778;;;;;;
JAZM0004AN,JAZMIN AN-04,-74.58197212,6.10054571,JAZMIN,29.29833333333334,60.0,psig,25.28434129955889,43.888888888888886;;;;;;
JAZM0004AO,JAZMIN AO-04,-74.57640738,6.1005249,JAZMIN,53.175,20.0,psig,25.28434129955889,48.333333333333336;;;;;;
JAZM0004AP,JAZMIN AP-04,-74.58851791,6.09974156,JAZMIN,14.144,64.0,psig,25.28434129955889,78.88888888888889;;;;;;
JAZM0004AR,JAZMIN AR-04,-74.57376227,6.09751172,JAZMIN,127.4266666666667,40.0,psig,25.28434129955889,56.111111111111114;;;;;;
JAZM0004AS,JAZMIN AS-04,-74.58193314,6.09689039,JAZMIN,33.41,40.0,psig,25.28434129955889,47.22222222222222;;;;;;
JAZM0004AT,JAZMIN AT-04,-74.57983136,6.09591352,JAZMIN,1.655,30.0,psig,25.28434129955889,42.77777777777778;;;;;;
JAZM0004AU,JAZMIN AU-04,-74.57468116,6.09413921,JAZMIN,2.504666666666667,50.0,psig,25.28434129955889,41.111111111111114;;;;;;
JAZM0004AZ,JAZMIN AZ-04,-74.57671268,6.08569745,JAZMIN,6.968,70.0,psig,25.28434129955889,46.111111111111114;;;;;;
JAZM0004BC,JAZMIN BC-04,-74.57889295,6.09889836,JAZMIN,70.93133333333334,80.0,psig,25.28434129955889,51.111111111111114;;;;;;
JAZM0004BF,JAZMIN BF-04,-74.57205359,6.11575168,JAZMIN,35.53733333333333,43.0,psig,25.28434129955889,40.55555555555556;;;;;;
JAZM0004BG,JAZMIN BG-04,-74.57390775,6.11264054,JAZMIN,12.87166666666667,30.0,psig,25.28434129955889,51.111111111111114;;;;;;
JAZM0004BH,JAZMIN BH-04,-74.57045927,6.10975469,JAZMIN,59.98766666666667,110.0,psig,25.28434129955889,56.666666666666664;;;;;;
JAZM0004C,JAZMIN C-04,-74.5725341,6.12313091,JAZMIN,53.832,67.0,psig,25.28434129955889,54.44444444444444;;;;;;
JAZM0004CM,JAZMIN CM-04,-74.57726632,6.09009639,JAZMIN,59.54333333333333,110.0,psig,25.28434129955889,82.22222222222223;;;;;;
JAZM0004CR,JAZMIN CR-04,-74.57451932,6.11467402,JAZMIN,94.88266666666667,44.0,psig,25.28434129955889,46.111111111111114;;;;;;
JAZM0004J,JAZMIN J-04,-74.57121765,6.10987493,JAZMIN,46.563,100.0,psig,25.28434129955889,71.11111111111111;;;;;;
JAZM0004L,JAZMIN L-04,-74.57405911,6.10901104,JAZMIN,15.595,80.0,psig,25.28434129955889,40.55555555555556;;;;;;
JAZM0004O,JAZMIN O-04,-74.57131592,6.10682645,JAZMIN,59.98166666666667,120.0,psig,25.28434129955889,37.22222222222222;;;;;;
JAZM0004X,JAZMIN X-04,-74.58352276,6.09538787,JAZMIN,9.418000000000001,40.0,psig,25.28434129955889,52.22222222222222;;;;;;
JAZM0004Z,JAZMIN Z-4,-74.58120163,6.09227609,JAZMIN,27.93133333333333,50.0,psig,25.28434129955889,65.55555555555556;;;;;;
JAZM0005AA,JAZMIN AA-05,-74.57686898,6.09231629,JAZMIN,75.90266666666666,100.0,psig,25.28434129955889,76.66666666666667;;;;;;
JAZM0005AB,JAZMIN AB-05,-74.57894228,6.08817863,JAZMIN,185.1883333333333,40.0,psig,25.28434129955889,42.77777777777778;;;;;;
JAZM0005AE,JAZMIN AE-05,-74.58599367,6.11300676,JAZMIN,102.907,78.0,psig,25.28434129955889,62.77777777777778;;;;;;
JAZM0005AF,JAZMIN AF-05,-74.56957607,6.12133534,JAZMIN,32.61833333333333,48.0,psig,25.28434129955889,48.888888888888886;;;;;;
JAZM0005AG,JAZMIN AG-05,-74.57811778,6.11959697,JAZMIN,55.70966666666666,55.0,psig,25.28434129955889,40.55555555555556;;;;;;
JAZM0005AH,JAZMIN AH-05,-74.57546146,6.11984471,JAZMIN,89.56666666666666,76.0,psig,25.28434129955889,47.77777777777778;;;;;;
JAZM0005AI,JAZMIN AI-05,-74.57275937,6.11821168,JAZMIN,89.71766666666667,20.0,psig,25.28434129955889,40.0;;;;;;
JAZM0005AJ,JAZMIN AJ-05,-74.56779681,6.11871356,JAZMIN,54.14466666666667,60.0,psig,25.28434129955889,53.333333333333336;;;;;;
JAZM0005AKA,JAZMIN AK-05A,-74.56938718,6.11421241,JAZMIN,60.58666666666667,53.0,psig,25.28434129955889,55.55555555555556;;;;;;
JAZM0005AN,JAZMIN AN-05,-74.58193483,6.10051975,JAZMIN,48.48366666666666,60.0,psig,25.28434129955889,54.44444444444444;;;;;;
JAZM0005AP,JAZMIN AP-05,-74.58849755,6.09970201,JAZMIN,58.89566666666666,66.0,psig,25.28434129955889,71.11111111111111;;;;;;
JAZM0005AQ,JAZMIN AQ-05,-74.58539377,6.09831469,JAZMIN,110.3433333333333,50.0,psig,25.28434129955889,54.44444444444444;;;;;;
JAZM0005AR,JAZMIN AR-05,-74.57366412,6.09760563,JAZMIN,51.98133333333333,50.0,psig,25.28434129955889,38.888888888888886;;;;;;
JAZM0005AS,JAZMIN AS-05,-74.58196811,6.0968621,JAZMIN,10.71566666666667,50.0,psig,25.28434129955889,53.333333333333336;;;;;;
JAZM0005AT,JAZMIN AT-05,-74.57986818,6.09604347,JAZMIN,52.82866666666666,20.0,psig,25.28434129955889,43.333333333333336;;;;;;
JAZM0005AZ,JAZMIN AZ-05,-74.57658279,6.08566027,JAZMIN,146.674,80.0,psig,25.28434129955889,57.22222222222222;;;;;;
JAZM0005B,JAZMIN B-05,-74.56979991,6.12407383,JAZMIN,44.82966666666667,20.0,psig,25.28434129955889,40.55555555555556;;;;;;
JAZM0005BA,JAZMIN BA-05,-74.57037177,6.1184162,JAZMIN,11.704,50.0,psig,25.28434129955889,38.888888888888886;;;;;;
JAZM0005BC,JAZMIN BC-05,-74.57876256,6.09893578,JAZMIN,102.6956666666667,80.0,psig,25.28434129955889,87.22222222222223;;;;;;
JAZM0005BE,JAZMIN BE-05,-74.57218648,6.12026708,JAZMIN,245.2126666666667,40.0,psig,25.28434129955889,40.0;;;;;;
JAZM0005BK,JAZMIN BK-05,-74.567137,6.12269957,JAZMIN,61.12566666666667,20.0,psig,25.28434129955889,49.44444444444444;;;;;;
JAZM0005C,JAZMIN C-05,-74.5724273,6.12304737,JAZMIN,101.4293333333333,20.0,psig,25.28434129955889,39.44444444444444;;;;;;
JAZM0005CM,JAZMIN CM-05,-74.57717231,6.09003395,JAZMIN,21.40766666666667,120.0,psig,25.28434129955889,62.22222222222222;;;;;;
JAZM0005F,JAZMIN F-05,-74.56958752,6.11594723,JAZMIN,44.51566666666667,20.0,psig,25.28434129955889,41.111111111111114;;;;;;
JAZM0005H,JAZMIN H-05,-74.57213618,6.11285015,JAZMIN,21.73633333333333,60.0,psig,25.28434129955889,66.11111111111111;;;;;;
JAZM0005O,JAZMIN O-05,-74.57118715,6.10678475,JAZMIN,90.08766666666666,120.0,psig,25.28434129955889,83.88888888888889;;;;;;
JAZM0005X,JAZMIN X-05,-74.58347985,6.09538226,JAZMIN,12.67533333333333,20.0,psig,25.28434129955889,75.0;;;;;;
JAZM0005Z,JAZMIN Z-5,-74.58116998,6.09224334,JAZMIN,127.3296666666667,50.0,psig,25.28434129955889,58.888888888888886;;;;;;
JAZM0006AA,JAZMIN AA-06,-74.57674979,6.09225085,JAZMIN,46.91166666666666,100.0,psig,25.28434129955889,41.111111111111114;;;;;;
JAZM0006AE,JAZMIN AE-06,-74.58595582,6.11298419,JAZMIN,77.416,80.0,psig,25.28434129955889,51.111111111111114;;;;;;
JAZM0006AH,JAZMIN AH-06,-74.57543997,6.11980404,JAZMIN,12.66133333333333,98.0,psig,25.28434129955889,52.22222222222222;;;;;;
JAZM0006AN,JAZMIN AN-06,-74.58189698,6.10049492,JAZMIN,69.69200000000001,50.0,psig,25.28434129955889,80.0;;;;;;
JAZM0006AP,JAZMIN AP-06,-74.58847719,6.09966134,JAZMIN,21.66833333333333,64.0,psig,25.28434129955889,40.55555555555556;;;;;;
JAZM0006AS,JAZMIN AS-06,-74.58200309,6.09683268,JAZMIN,22.12666666666667,40.0,psig,25.28434129955889,48.888888888888886;;;;;;
JAZM0006AZ,JAZMIN AZ-06,-74.57647786,6.08556836,JAZMIN,115.3136666666667,83.0,psig,25.28434129955889,63.888888888888886;;;;;;
JAZM0006BE,JAZMIN BE-06,-74.57215304,6.12013599,JAZMIN,21.652,40.0,psig,25.28434129955889,46.111111111111114;;;;;;
JAZM0006D,JAZMIN D-06,-74.57555428,6.11580609,JAZMIN,38.25366666666666,60.0,psig,25.28434129955889,48.333333333333336;;;;;;
JAZM0006H,JAZMIN H-06,-74.57236677,6.11293723,JAZMIN,26.461,20.0,psig,25.28434129955889,49.44444444444444;;;;;;
JAZM0006Z,JAZMIN Z-6,-74.58113833,6.0922106,JAZMIN,21.42533333333333,40.0,psig,25.28434129955889,82.22222222222223;;;;;;
JAZM0007AE,JAZMIN AE-07,-74.58591572,6.11296163,JAZMIN,25.75733333333334,75.0,psig,25.28434129955889,50.55555555555556;;;;;;
JAZM0007AKA,JAZMIN AK-07A,-74.5693675,6.11430059,JAZMIN,4.521666666666667,100.0,psig,25.28434129955889,55.0;;;;;;
JAZM0007AP,JAZMIN AP-07,-74.58845682,6.09962067,JAZMIN,46.37733333333333,69.0,psig,25.28434129955889,51.111111111111114;;;;;;
JAZM0007AS,JAZMIN AS-07,-74.58203807,6.09680439,JAZMIN,6.186666666666667,40.0,psig,25.28434129955889,42.77777777777778;;;;;;
JAZM0007Z,JAZMIN Z-7,-74.58110725,6.09217898,JAZMIN,20.876,34.0,psig,25.28434129955889,73.33333333333333;;;;;;
JAZM0008AD,JAZMIN AD-08,-74.58928756,6.10484227,JAZMIN,129.882,50.0,psig,25.28434129955889,39.44444444444444;;;;;;
JAZM0008AE,JAZMIN AE-08,-74.58587674,6.11293792,JAZMIN,82.131,77.0,psig,25.28434129955889,57.22222222222222;;;;;;
JAZM0008AN,JAZMIN AN-08,-74.58182184,6.10044526,JAZMIN,62.32133333333334,60.0,psig,25.28434129955889,77.77777777777777;;;;;;
JAZM0008AP,JAZMIN AP-08,-74.58843646,6.09958,JAZMIN,56.53033333333334,91.0,psig,25.28434129955889,46.666666666666664;;;;;;
JAZM0008D,JAZMIN D-08,-74.57544418,6.11580733,JAZMIN,56.475,61.0,psig,25.28434129955889,46.111111111111114;;;;;;
JAZM0009A,JAZMIN A-09,-74.56672325,6.12531092,JAZMIN,12.173,45.0,psig,25.28434129955889,44.44444444444444;;;;;;
JAZM0009AN,JAZMIN AN-09,-74.58178456,6.10042042,JAZMIN,63.04866666666667,60.0,psig,25.28434129955889,54.44444444444444;;;;;;
JAZM0009Z,JAZMIN Z-9,-74.58104452,6.09211348,JAZMIN,137.293,50.0,psig,25.28434129955889,63.888888888888886;;;;;;
JAZM0010AN,JAZMIN AN-10,-74.5817467,6.10039559,JAZMIN,67.97633333333333,60.0,psig,25.28434129955889,71.11111111111111;;;;;;
JAZM0011AN,JAZMIN AN-11,-74.58170885,6.10036963,JAZMIN,41.309,60.0,psig,25.28434129955889,43.333333333333336;;;;;;
JAZN0002,JAZMIN NORTE-2,-74.55153086,6.1738831,ABARCO,72.55,320.0,psig,25.28434129955889,47.77777777777778;;;;;;
JUAB0001,JUANAMBU-1,-76.8829,0.987857,JUANAMBU,152.07,3250.0,psig,18.01365934398487,70.55555555555556;;;;;;
JUAN0002,JUANAMBU-2,-76.544512,0.988427,JUANAMBU,535.07,3250.0,psig,23.24848831092186,81.66666666666667;;;;;;
KANA0002,KANANASKIS-2,-72.611057,4.519821,KANANASKIS,2.88,3250.0,psig,26.61273076240741,51.666666666666664;;;;;;
KANA0003,KANANASKIS-3,-72.609693,4.519623,KANANASKIS,1.38,1589.0,psig,26.61273076240741,46.111111111111114;;;;;;
LBEL0002,LA BELLEZA-2,-74.603912,9.883851,,2695.03,2354.025747689881,psig,29.32080793996318,86.9888888888889;;;;;;
LEOA0005B,LEONA-B5,-71.12071203,5.65748302,LEONA B,360.69,37.3041,psig,27.99219308481821,73.33333333333333;;;;;;
LILI0005,LILIA-5,-73.88212515,6.39679564,OPON,0.38,150.0,psig,23.58030478921798,32.22222222222222;;;;;;
LPOT0003ST,LOS POTROS-3ST,-72.155891,5.032674,LOS POTROS,494.04,2843.0,psig,26.9026511552734,58.888888888888886;;;;;;
MAME0002,MAMEY-2,-75.079247,9.484813,MAMEY,6.97,1041.998117712195,psig,28.37406395978997,44.77777777777778;;;;;;
MAME0003,MAMEY-3,-75.08350368,9.49871486,MAMEY,13.4,1059.998085188037,psig,28.37406395978997,48.05555555555556;;;;;;
MIRT0002,MIRTO-2,-76.57280932,0.8599281,MIRTO,23.16,102.0,psig,18.01365934398487,41.111111111111114;;;;;;
MIRT0004,MIRTO-4,-76.57292652,0.85987212,MIRTO,34.87,53.3041,psig,18.01365934398487,37.22222222222222;;;;;;
MOQU0003,MOQUETA-3,-76.558658,1.041438,CHAZA,551.84,2500.0,psig,23.24848831092186,50.55555555555556;;;;;;
MOQU0004,MOQUETA-4,-76.572633,1.038618,CHAZA,428.83,3500.0,psig,18.01365934398487,50.138888888888886;;;;;;
MOQU0005,MOQUETA-5,-76.572658,1.038709,CHAZA,394.8,2500.0,psig,18.01365934398487,50.0;;;;;;
MOQU0017,MOQUETA-17,-76.57143,1.040863,MOQUETA,42.8,3500.0,psig,18.01365934398487,48.888888888888886;;;;;;
MOQU0021D,MOQUETA-21D,-76.558656,1.041268,MOQUETA,491.49,3500.0,psig,23.24848831092186,52.22222222222222;;;;;;
MOQU0022D,MOQUETA-22D,-76.571369,1.040925,MOQUETA,130.29,3120.0,psig,18.01365934398487,49.44444444444444;;;;;;
MOQU0024,MOQUETA-24,-76.558464,1.041526,MOQUETA,154.165,3400.0,psig,23.24848831092186,53.611111111111114;;;;;;
MOQU0025,MOQUETA-25,-76.55842,1.041571,MOQUETA,345.43,3400.0,psig,23.24848831092186,53.333333333333336;;;;;;
MOQU0026ST2,,-76.558372,1.041613,,265.34,3700.0,psig,23.24848831092186,52.77777777777778;;;;;;
MOQU0027,MOQUETA-27,-76.571216,1.040536,MOQUETA,796.73,2414.0,psig,18.01365934398487,53.888888888888886;;;;;;
MOQU0028,MOQUETA-28,-76.571296,1.040573,MOQUETA,1710.95,3600.0,psig,18.01365934398487,53.333333333333336;;;;;;
MORC00001BW,MORICHE BW-01,-74.52582996,6.20532709,MORICHE,24.75233333333334,139.0,psig,25.28434129955889,50.0;;;;;;
MORC00002BW,MORICHE BW-02,-74.52575056,6.20546071,MORICHE,39.90166666666666,137.0,psig,25.28434129955889,51.666666666666664;;;;;;
MORC00003BW,MORICHE BW-03,-74.52567127,6.20550391,MORICHE,45.131,138.0,psig,25.28434129955889,85.55555555555556;;;;;;
MORC00005BW,MORICHE BW-05,-74.52550459,6.20532139,MORICHE,124.7266666666667,138.0,psig,25.28434129955889,54.44444444444444;;;;;;
MORC0001A,MORICHE A-01,-74.53689433,6.17326184,MORICHE,302.907,100.0,psig,25.28434129955889,44.44444444444444;;;;;;
MORC0001AA,MORICHE AA-01,-74.54575948,6.19916947,MORICHE,71.78333333333333,80.0,psig,25.28434129955889,69.44444444444444;;;;;;
MORC0001AB,MORICHE AB-01,-74.53153462,6.20729736,MORICHE,65.31166666666667,130.0,psig,25.28434129955889,76.66666666666667;;;;;;
MORC0001AL,MORICHE AL-01,-74.54687384,6.22171216,MORICHE,4.729333333333333,80.0,psig,25.28434129955889,51.666666666666664;;;;;;
MORC0001AN,MORICHE AN-01,-74.55090584,6.21644593,MORICHE,6.079666666666666,80.0,psig,25.28434129955889,42.22222222222222;;;;;;
MORC0001AN2,MORICHE AN-201,-74.55221613,6.21784518,MORICHE,4.544666666666667,400.0,psig,25.28434129955889,48.333333333333336;;;;;;
MORC0001AO,MORICHE AO-01,-74.5468448,6.21888871,MORICHE,69.59433333333332,100.0,psig,25.28434129955889,103.33333333333333;;;;;;
MORC0001AW,MORICHE AW-01,-74.54805472,6.2052032,MORICHE,11.66133333333333,66.0,psig,25.28434129955889,56.666666666666664;;;;;;
MORC0001AY,MORICHE AY-01,-74.5411401,6.20944224,MORICHE,29.68433333333333,60.0,psig,25.28434129955889,62.22222222222222;;;;;;
MORC0001B,MORICHE B-01,-74.53736545,6.17674048,MORICHE,5.019,78.0,psig,25.28434129955889,65.55555555555556;;;;;;
MORC0001BA,MORICHE BA-01,-74.5325613,6.2138974,MORICHE,6.17,500.0,psig,25.28434129955889,64.44444444444444;;;;;;
MORC0001BB,MORICHE BB-01,-74.52492043,6.20504014,MORICHE,18.84966666666667,148.0,psig,25.28434129955889,57.22222222222222;;;;;;
MORC0001BCST,MORICHE BC-01ST,-74.52747194,6.19826231,MORICHE,23.306,95.0,psig,25.28434129955889,46.666666666666664;;;;;;
MORC0001BD,MORICHE BD-01,-74.52426279,6.19325962,MORICHE,6.002,120.0,psig,25.28434129955889,46.666666666666664;;;;;;
MORC0001BEST,MORICHE BE-01ST,-74.5296124,6.1920823,MORICHE,22.95533333333333,87.0,psig,25.28434129955889,50.55555555555556;;;;;;
MORC0001BG,MORICHE BG-01,-74.53278223,6.18968178,MORICHE,39.02133333333334,280.0,psig,25.28434129955889,69.44444444444444;;;;;;
MORC0001BI,MORICHE BI-01,-74.54343521,6.18185656,MORICHE,22.90666666666667,91.0,psig,25.28434129955889,122.77777777777777;;;;;;
MORC0001BJ,MORICHE BJ-01,-74.53323806,6.18124826,MORICHE,1.346666666666667,40.0,psig,25.28434129955889,43.333333333333336;;;;;;
MORC0001BM,MORICHE BM-01,-74.53228566,6.17556143,MORICHE,3.225333333333333,300.0,psig,25.28434129955889,47.22222222222222;;;;;;
MORC0001BR,MORICHE BR-01,-74.53652819,6.16184278,MORICHE,0.4943333333333333,117.0,psig,25.28434129955889,38.333333333333336;;;;;;
MORC0001CB,MORICHE CB-01,-74.52397295,6.2226046,MORICHE,80.032,200.0,psig,25.28434129955889,51.111111111111114;;;;;;
MORC0001CC,MORICHE CC-01,-74.52358656,6.21510089,MORICHE,29.039,190.0,psig,25.28434129955889,52.77777777777778;;;;;;
MORC0001CE,MORICHE CE-01,-74.52229461,6.2112375,MORICHE,67.34666666666666,173.0,psig,25.28434129955889,69.44444444444444;;;;;;
MORC0001H,MORICHE H-01,-74.56302173,6.18832012,MORICHE,1.799333333333333,100.0,psig,25.28434129955889,40.55555555555556;;;;;;
MORC0001J,MORICHE J-01,-74.54043884,6.19080771,MORICHE,3.891333333333333,80.0,psig,25.28434129955889,41.111111111111114;;;;;;
MORC0001L,MORICHE L-01,-74.53645678,6.18832394,MORICHE,17.40433333333333,80.0,psig,25.28434129955889,104.44444444444444;;;;;;
MORC0001M,MORICHE M-01,-74.54347929,6.19607335,MORICHE,45.01433333333333,280.0,psig,25.28434129955889,51.111111111111114;;;;;;
MORC0001N,MORICHE NORTE-01,-74.55020659,6.21124382,MORICHE,75.64166666666667,100.0,psig,25.28434129955889,82.22222222222223;;;;;;
MORC0001NN,MORICHE N-01,-74.53530009,6.19345593,MORICHE,34.45633333333333,320.0,psig,25.28434129955889,58.888888888888886;;;;;;
MORC0001P,MORICHE P-01,-74.53539087,6.19656981,MORICHE,20.608,320.0,psig,25.28434129955889,72.22222222222223;;;;;;
MORC0001Q,MORICHE Q-01,-74.54658491,6.19514038,MORICHE,32.519,80.0,psig,25.28434129955889,51.666666666666664;;;;;;
MORC0001R,MORICHE R-01,-74.54018617,6.19830291,MORICHE,7.469666666666667,480.0,psig,25.28434129955889,68.33333333333333;;;;;;
MORC0001S,MORICHE SUR-01,-74.53550136,6.16745785,MORICHE,160.745,260.0,psig,25.28434129955889,51.111111111111114;;;;;;
MORC0001SS,MORICHE S-01,-74.53392984,6.20364445,MORICHE,5.354666666666666,120.0,psig,25.28434129955889,78.88888888888889;;;;;;
MORC0001T,MORICHE T-01,-74.53307385,6.19982705,MORICHE,53.14666666666667,380.0,psig,25.28434129955889,62.77777777777778;;;;;;
MORC0001U,MORICHE U-01,-74.53494073,6.20566681,MORICHE,22.737,100.0,psig,25.28434129955889,50.0;;;;;;
MORC0001W,MORICHE W-01,-74.54280868,6.20152986,MORICHE,40.78333333333333,300.0,psig,25.28434129955889,47.77777777777778;;;;;;
MORC0001Y,MORICHE Y-01,-74.53958246,6.20409506,MORICHE,37.80033333333333,200.0,psig,25.28434129955889,51.111111111111114;;;;;;
MORC0002A,MORICHE A-02,-74.5367588,6.17325857,MORICHE,0.852,80.0,psig,25.28434129955889,42.22222222222222;;;;;;
MORC0002AA,MORICHE AA-02,-74.54597271,6.19891158,MORICHE,107.3516666666667,300.0,psig,25.28434129955889,47.77777777777778;;;;;;
MORC0002AC,MORICHE AC-02,-74.54144572,6.23853569,MORICHE,38.585,40.0,psig,25.28434129955889,35.55555555555556;;;;;;
MORC0002AN,MORICHE AN-02,-74.55078491,6.21635674,MORICHE,14.998,80.0,psig,25.28434129955889,52.22222222222222;;;;;;
MORC0002AT,MORICHE AT-02,-74.53242751,6.20590032,MORICHE,18.90066666666667,280.0,psig,25.28434129955889,65.55555555555556;;;;;;
MORC0002AU,MORICHE AU-02,-74.55016174,6.21097824,MORICHE,36.08966666666667,100.0,psig,25.28434129955889,44.44444444444444;;;;;;
MORC0002AW,MORICHE AW-02,-74.54879917,6.20537773,MORICHE,12.07066666666667,60.0,psig,25.28434129955889,64.44444444444444;;;;;;
MORC0002AX,MORICHE AX-02,-74.54332647,6.20790539,MORICHE,84.77633333333333,61.0,psig,25.28434129955889,79.44444444444444;;;;;;
MORC0002AY,MORICHE AY-02,-74.54103563,6.20945138,MORICHE,24.71533333333333,220.0,psig,25.28434129955889,63.333333333333336;;;;;;
MORC0002AZST,MORICHE AZ-02ST,-74.53319034,6.20880298,MORICHE,5.42,106.0,psig,25.28434129955889,94.44444444444444;;;;;;
MORC0002B,MORICHE B-02,-74.53713462,6.17688197,MORICHE,2.795,60.0,psig,25.28434129955889,40.55555555555556;;;;;;
MORC0002BA,MORICHE BA-02,-74.53248502,6.21384999,MORICHE,75.28166666666667,280.0,psig,25.28434129955889,51.666666666666664;;;;;;
MORC0002BB,MORICHE BB-02,-74.52532588,6.20502171,MORICHE,73.90233333333335,146.0,psig,25.28434129955889,41.111111111111114;;;;;;
MORC0002BC,MORICHE BC-02,-74.52738869,6.19824724,MORICHE,63.169,99.0,psig,25.28434129955889,55.0;;;;;;
MORC0002BD,MORICHE BD-02,-74.52411259,6.1932767,MORICHE,104.0223333333333,106.0,psig,25.28434129955889,45.55555555555556;;;;;;
MORC0002BE,MORICHE BE-02,-74.52963165,6.1921926,MORICHE,3.761333333333333,87.0,psig,25.28434129955889,42.77777777777778;;;;;;
MORC0002BGST,MORICHE BG-02ST,-74.53271886,6.18961641,MORICHE,93.425,280.0,psig,25.28434129955889,80.55555555555556;;;;;;
MORC0002BH,MORICHE BH-02,-74.52975324,6.19439996,MORICHE,60.47,87.0,psig,25.28434129955889,82.77777777777777;;;;;;
MORC0002BJ,MORICHE BJ-02,-74.53284348,6.18140797,MORICHE,0.377,40.0,psig,25.28434129955889,45.55555555555556;;;;;;
MORC0002BK,MORICHE BK-02,-74.52773555,6.17905113,MORICHE,0.676,40.0,psig,25.28434129955889,43.888888888888886;;;;;;
MORC0002BL,MORICHE BL-02,-74.54305698,6.17293209,MORICHE,15.13966666666667,100.0,psig,25.28434129955889,75.55555555555556;;;;;;
MORC0002BM,MORICHE BM-02,-74.54162648,6.17534765,MORICHE,0.6486666666666667,20.0,psig,25.28434129955889,48.888888888888886;;;;;;
MORC0002BO,MORICHE BO-02,-74.53278088,6.17025653,MORICHE,26.775,20.0,psig,25.28434129955889,41.111111111111114;;;;;;
MORC0002BP,MORICHE BP-02,-74.53564641,6.16738425,MORICHE,23.40366666666667,100.0,psig,25.28434129955889,41.111111111111114;;;;;;
MORC0002BR,MORICHE BR-02,-74.5365469,6.16193093,MORICHE,0.4136666666666667,115.0,psig,25.28434129955889,40.0;;;;;;
MORC0002CB,MORICHE CB-02,-74.52411203,6.22193227,MORICHE,32.698,360.0,psig,25.28434129955889,46.666666666666664;;;;;;
MORC0002CC,MORICHE CC-02,-74.52359963,6.21519017,MORICHE,45.48533333333333,186.0,psig,25.28434129955889,46.666666666666664;;;;;;
MORC0002CE,MORICHE CE-02,-74.52232277,6.21114366,MORICHE,42.08000000000001,175.0,psig,25.28434129955889,53.333333333333336;;;;;;
MORC0002CF,MORICHE CF-02,-74.51801555,6.20902231,MORICHE,161.2966666666667,171.0,psig,25.28434129955889,51.111111111111114;;;;;;
MORC0002CG,MORICHE CG-02,-74.52064083,6.19942164,MORICHE,52.30666666666666,108.0,psig,25.28434129955889,105.0;;;;;;
MORC0002CJ,MORICHE CJ-02,-74.5216053,6.18651511,MORICHE,0.7963333333333333,10.0,psig,25.28434129955889,36.666666666666664;;;;;;
MORC0002E,MORICHE E-02,-74.5401348,6.18404543,MORICHE,33.858,189.0,psig,25.28434129955889,60.0;;;;;;
MORC0002H,MORICHE H-02,-74.54482387,6.18838165,MORICHE,2.549666666666667,94.0,psig,25.28434129955889,60.55555555555556;;;;;;
MORC0002I,MORICHE I-02,-74.53636385,6.19002457,MORICHE,50.55833333333333,200.0,psig,25.28434129955889,57.77777777777778;;;;;;
MORC0002J,MORICHE J-02,-74.54036892,6.19092307,MORICHE,14.85466666666667,152.0,psig,25.28434129955889,45.55555555555556;;;;;;
MORC0002KST,MORICHE K-02ST,-74.5443308,6.19188464,MORICHE,38.46733333333334,108.0,psig,25.28434129955889,42.22222222222222;;;;;;
MORC0002L,MORICHE L-02,-74.5375652,6.18572276,MORICHE,85.988,80.0,psig,25.28434129955889,59.44444444444444;;;;;;
MORC0002N,MORICHE NORTE-02,-74.55224277,6.21794914,MORICHE,9.218,280.0,psig,25.28434129955889,55.0;;;;;;
MORC0002NN,MORICHE N-02,-74.53526067,6.19358595,MORICHE,2.716,70.0,psig,25.28434129955889,55.0;;;;;;
MORC0002OST,MORICHE O-02ST,-74.53937887,6.19480676,MORICHE,53.08133333333333,72.0,psig,25.28434129955889,63.333333333333336;;;;;;
MORC0002P,MORICHE P-02,-74.53534581,6.19670549,MORICHE,79.85566666666666,320.0,psig,25.28434129955889,58.888888888888886;;;;;;
MORC0002Q,MORICHE Q-02,-74.54660705,6.19527374,MORICHE,40.54166666666666,280.0,psig,25.28434129955889,51.666666666666664;;;;;;
MORC0002R,MORICHE R-02,-74.54011681,6.19841939,MORICHE,52.63133333333334,280.0,psig,25.28434129955889,73.33333333333333;;;;;;
MORC0002SS,MORICHE S-02,-74.53379602,6.20366491,MORICHE,41.96233333333333,109.0,psig,25.28434129955889,59.44444444444444;;;;;;
MORC0002TST,MORICHE T-02ST,-74.53303234,6.1998898,MORICHE,36.06533333333334,280.0,psig,25.28434129955889,56.111111111111114;;;;;;
MORC0002UST,MORICHE U-02ST,-74.53483315,6.20563222,MORICHE,39.76766666666666,120.0,psig,25.28434129955889,74.44444444444444;;;;;;
MORC0002V,MORICHE V-02,-74.53700755,6.20105681,MORICHE,88.423,300.0,psig,25.28434129955889,44.44444444444444;;;;;;
MORC0002W,MORICHE W-02,-74.5426743,6.20155033,MORICHE,53.27866666666667,200.0,psig,25.28434129955889,63.333333333333336;;;;;;
MORC0003A,MORICHE A-03,-74.53662328,6.17325642,MORICHE,30.48433333333333,80.0,psig,25.28434129955889,93.33333333333333;;;;;;
MORC0003AAST,MORICHE AA-03ST,-74.54611685,6.19892072,MORICHE,31.77,77.0,psig,25.28434129955889,47.77777777777778;;;;;;
MORC0003AB,MORICHE AB-03,-74.53163988,6.20754707,MORICHE,0.7143333333333334,100.0,psig,25.28434129955889,42.22222222222222;;;;;;
MORC0003AG,MORICHE AG-03,-74.55052415,6.22977465,MORICHE,3.366,79.0,psig,25.28434129955889,60.0;;;;;;
MORC0003AI,MORICHE AI-03,-74.53867956,6.22882326,MORICHE,3.529,40.0,psig,25.28434129955889,65.0;;;;;;
MORC0003AL,MORICHE AL-03,-74.5467846,6.22169641,MORICHE,4.782666666666667,80.0,psig,25.28434129955889,70.55555555555556;;;;;;
MORC0003AN,MORICHE AN-03,-74.55066285,6.21626643,MORICHE,4.907333333333333,80.0,psig,25.28434129955889,47.22222222222222;;;;;;
MORC0003AN2,MORICHE AN-203,-74.5522959,6.2179977,MORICHE,4.714,80.0,psig,25.28434129955889,41.111111111111114;;;;;;
MORC0003AO,MORICHE AO-03,-74.54667082,6.21884027,MORICHE,9.669666666666666,100.0,psig,25.28434129955889,47.22222222222222;;;;;;
MORC0003AT,MORICHE AT-03,-74.53224261,6.20572948,MORICHE,33.75733333333334,113.0,psig,25.28434129955889,108.33333333333333;;;;;;
MORC0003AX,MORICHE AX-03,-74.54326373,6.20784102,MORICHE,27.51966666666667,66.0,psig,25.28434129955889,102.22222222222223;;;;;;
MORC0003AY,MORICHE AY-03,-74.54095822,6.2094051,MORICHE,52.33333333333334,60.0,psig,25.28434129955889,41.666666666666664;;;;;;
MORC0003AZ,MORICHE AZ-03,-74.53338302,6.20869621,MORICHE,53.12933333333334,109.0,psig,25.28434129955889,44.44444444444444;;;;;;
MORC0003B,MORICHE B-03,-74.53701891,6.17695215,MORICHE,24.23933333333333,60.0,psig,25.28434129955889,50.0;;;;;;
MORC0003BA,MORICHE BA-03,-74.5320627,6.21329312,MORICHE,71.242,380.0,psig,25.28434129955889,88.88888888888889;;;;;;
MORC0003BB,MORICHE BB-03,-74.52525517,6.20488501,MORICHE,41.48633333333333,146.0,psig,25.28434129955889,68.88888888888889;;;;;;
MORC0003BC,MORICHE BC-03,-74.5273491,6.19817719,MORICHE,5.956333333333333,97.0,psig,25.28434129955889,41.111111111111114;;;;;;
MORC0003BE,MORICHE BE-03,-74.52926864,6.1923082,MORICHE,41.327,88.0,psig,25.28434129955889,47.22222222222222;;;;;;
MORC0003BF,MORICHE BF-03,-74.5288496,6.18828018,MORICHE,0.14,79.0,psig,25.28434129955889,40.0;;;;;;
MORC0003BG,MORICHE BG-03,-74.53260264,6.18966046,MORICHE,5.648,70.0,psig,25.28434129955889,57.22222222222222;;;;;;
MORC0003BH,MORICHE BH-03,-74.52968261,6.19434351,MORICHE,0.8983333333333333,87.0,psig,25.28434129955889,46.666666666666664;;;;;;
MORC0003BJ,MORICHE BJ-03,-74.53306185,6.18120772,MORICHE,2.796,60.0,psig,25.28434129955889,41.666666666666664;;;;;;
MORC0003BM,MORICHE BM-03,-74.53241339,6.17568904,MORICHE,5.910333333333333,280.0,psig,25.28434129955889,55.55555555555556;;;;;;
MORC0003BO,MORICHE BO-03,-74.53275272,6.17034246,MORICHE,35.21066666666666,80.0,psig,25.28434129955889,54.44444444444444;;;;;;
MORC0003BP,MORICHE BP-03,-74.5355657,6.16742388,MORICHE,39.038,100.0,psig,25.28434129955889,58.333333333333336;;;;;;
MORC0003C,MORICHE C-03,-74.53803967,6.17999515,MORICHE,0.4256666666666666,80.0,psig,25.28434129955889,54.44444444444444;;;;;;
MORC0003CC,MORICHE CC-03,-74.52361213,6.21528059,MORICHE,0.7153333333333334,183.0,psig,25.28434129955889,48.333333333333336;;;;;;
MORC0003CE,MORICHE CE-03,-74.52237918,6.21107354,MORICHE,35.77,172.0,psig,25.28434129955889,108.88888888888889;;;;;;
MORC0003CF,MORICHE CF-03,-74.5180273,6.20888666,MORICHE,89.24,170.0,psig,25.28434129955889,50.55555555555556;;;;;;
MORC0003CG,MORICHE CG-03,-74.52060065,6.19932447,MORICHE,34.38800000000001,116.0,psig,25.28434129955889,84.44444444444444;;;;;;
MORC0003E,MORICHE E-03,-74.54001559,6.18398111,MORICHE,15.965,90.0,psig,25.28434129955889,57.77777777777778;;;;;;
MORC0003G,MORICHE G-03,-74.54145696,6.18688019,MORICHE,5.935333333333333,87.0,psig,25.28434129955889,42.22222222222222;;;;;;
MORC0003J,MORICHE J-03,-74.540299,6.19103955,MORICHE,32.54566666666667,107.0,psig,25.28434129955889,45.55555555555556;;;;;;
MORC0003K,MORICHE K-03,-74.54423472,6.19205563,MORICHE,0.966,105.0,psig,25.28434129955889,42.77777777777778;;;;;;
MORC0003L,MORICHE L-03,-74.53743932,6.18577486,MORICHE,1.106,81.0,psig,25.28434129955889,42.77777777777778;;;;;;
MORC0003M,MORICHE M-03,-74.54322002,6.19599446,MORICHE,27.13133333333333,300.0,psig,25.28434129955889,44.44444444444444;;;;;;
MORC0003NN,MORICHE N-03,-74.53522125,6.19371483,MORICHE,57.80966666666666,104.0,psig,25.28434129955889,46.111111111111114;;;;;;
MORC0003O,MORICHE O-03,-74.53928427,6.19497837,MORICHE,41.41933333333333,70.0,psig,25.28434129955889,63.888888888888886;;;;;;
MORC0003P,MORICHE P-03,-74.53534604,6.19697676,MORICHE,67.137,280.0,psig,25.28434129955889,57.77777777777778;;;;;;
MORC0003Q,MORICHE Q-03,-74.54662919,6.19540822,MORICHE,78.56766666666667,260.0,psig,25.28434129955889,46.666666666666664;;;;;;
MORC0003R,MORICHE R-03,-74.54004689,6.19853587,MORICHE,55.379,95.0,psig,25.28434129955889,65.55555555555556;;;;;;
MORC0003SS,MORICHE S-03,-74.53366164,6.20368537,MORICHE,0.9633333333333333,120.0,psig,25.28434129955889,43.333333333333336;;;;;;
MORC0003T,MORICHE T-03,-74.53293795,6.20006114,MORICHE,72.27566666666667,340.0,psig,25.28434129955889,65.0;;;;;;
MORC0003U,MORICHE U-03,-74.53466405,6.20570887,MORICHE,60.57,200.0,psig,25.28434129955889,51.666666666666664;;;;;;
MORC0003W,MORICHE W-03,-74.54254048,6.20157079,MORICHE,30.95466666666666,104.0,psig,25.28434129955889,67.77777777777777;;;;;;
MORC0003Y,MORICHE Y-03,-74.53931425,6.20413598,MORICHE,39.18066666666667,280.0,psig,25.28434129955889,46.666666666666664;;;;;;
MORC0004AA,MORICHE AA-04,-74.54559062,6.19915945,MORICHE,78.34433333333332,80.0,psig,25.28434129955889,75.18333333333334;;;;;;
MORC0004AC,MORICHE AC-04,-74.5412955,6.23853809,MORICHE,3.513666666666666,89.0,psig,25.28434129955889,87.77777777777777;;;;;;
MORC0004AI,MORICHE AI-04,-74.53870014,6.22846155,MORICHE,6.325666666666667,40.0,psig,25.28434129955889,40.55555555555556;;;;;;
MORC0004AL,MORICHE AL-04,-74.54669592,6.22167954,MORICHE,54.115,80.0,psig,25.28434129955889,110.0;;;;;;
MORC0004AN,MORICHE AN-04,-74.55054192,6.21617611,MORICHE,50.973,80.0,psig,25.28434129955889,47.22222222222222;;;;;;
MORC0004AU,MORICHE AU-04,-74.55021895,6.2111726,MORICHE,14.05533333333333,80.0,psig,25.28434129955889,95.0;;;;;;
MORC0004AWST,MORICHE AW-04ST,-74.54852331,6.20532327,MORICHE,29.54533333333334,60.0,psig,25.28434129955889,61.111111111111114;;;;;;
MORC0004AY,MORICHE AY-04,-74.54403802,6.2123988,MORICHE,28.17233333333333,60.0,psig,25.28434129955889,46.111111111111114;;;;;;
MORC0004AZ,MORICHE AZ-04,-74.53312859,6.20865347,MORICHE,72.432,400.0,psig,25.28434129955889,75.55555555555556;;;;;;
MORC0004B,MORICHE B-04,-74.53711193,6.17692087,MORICHE,47.09866666666667,77.0,psig,25.28434129955889,71.11111111111111;;;;;;
MORC0004BA,MORICHE BA-04,-74.53240818,6.21380145,MORICHE,32.995,100.0,psig,25.28434129955889,78.33333333333333;;;;;;
MORC0004BBST,MORICHE BB-04ST,-74.52520091,6.2047914,MORICHE,22.84,148.0,psig,25.28434129955889,85.0;;;;;;
MORC0004BCST,MORICHE BC-04ST,-74.52275548,6.19829205,MORICHE,65.437,98.0,psig,25.28434129955889,87.77777777777777;;;;;;
MORC0004BDST,MORICHE BD-04ST,-74.5239625,6.19329351,MORICHE,47.85933333333333,114.0,psig,25.28434129955889,47.77777777777778;;;;;;
MORC0004BE,MORICHE BE-04,-74.52954064,6.19208078,MORICHE,4.714333333333333,97.0,psig,25.28434129955889,48.333333333333336;;;;;;
MORC0004BG,MORICHE BG-04,-74.5359328,6.19242342,MORICHE,2.453333333333333,340.0,psig,25.28434129955889,64.44444444444444;;;;;;
MORC0004BIST,MORICHE BI-04ST,-74.54349163,6.18180162,MORICHE,9.275333333333332,280.0,psig,25.28434129955889,46.111111111111114;;;;;;
MORC0004BJ,MORICHE BJ-04,-74.53270228,6.18137531,MORICHE,23.959,60.0,psig,25.28434129955889,48.888888888888886;;;;;;
MORC0004BK,MORICHE BK-04,-74.5278259,6.17905105,MORICHE,0.6056666666666667,40.0,psig,25.28434129955889,39.44444444444444;;;;;;
MORC0004BL,MORICHE BL-04,-74.54294431,6.17324415,MORICHE,34.87966666666667,300.0,psig,25.28434129955889,76.66666666666667;;;;;;
MORC0004BM,MORICHE BM-04,-74.53248981,6.17525155,MORICHE,7.146333333333333,40.0,psig,25.28434129955889,47.22222222222222;;;;;;
MORC0004BO,MORICHE BO-04,-74.53269863,6.17048266,MORICHE,81.55533333333332,20.0,psig,25.28434129955889,87.77777777777777;;;;;;
MORC0004BR,MORICHE BR-04,-74.53658432,6.16210723,MORICHE,30.28733333333333,119.0,psig,25.28434129955889,73.88888888888889;;;;;;
MORC0004CC,MORICHE CC-04,-74.52362519,6.21536987,MORICHE,0.8436666666666667,185.0,psig,25.28434129955889,42.22222222222222;;;;;;
MORC0004CE,MORICHE CE-04,-74.52243559,6.21100228,MORICHE,70.43066666666667,182.0,psig,25.28434129955889,61.111111111111114;;;;;;
MORC0004CF,MORICHE CF-04,-74.51803905,6.20875215,MORICHE,71.41900000000001,168.0,psig,25.28434129955889,70.55555555555556;;;;;;
MORC0004CG,MORICHE CG-04,-74.52065028,6.19924079,MORICHE,60.693,105.0,psig,25.28434129955889,49.44444444444444;;;;;;
MORC0004CJ,MORICHE CJ-04,-74.52146357,6.1865288,MORICHE,4.087333333333333,80.0,psig,25.28434129955889,32.22222222222222;;;;;;
MORC0004CST,MORICHE C-04ST,-74.53810407,6.18007561,MORICHE,7.976333333333333,220.0,psig,25.28434129955889,47.22222222222222;;;;;;
MORC0004D,MORICHE D-04,-74.53485179,6.18105811,MORICHE,0.843,83.0,psig,25.28434129955889,42.22222222222222;;;;;;
MORC0004E,MORICHE E-04,-74.53989639,6.18391679,MORICHE,9.373666666666667,103.0,psig,25.28434129955889,93.33333333333333;;;;;;
MORC0004G,MORICHE G-04,-74.54138365,6.18699328,MORICHE,8.740666666666668,97.0,psig,25.28434129955889,47.22222222222222;;;;;;
MORC0004I,MORICHE I-04,-74.53609279,6.19001237,MORICHE,32.127,280.0,psig,25.28434129955889,75.0;;;;;;
MORC0004J,MORICHE J-04,-74.54022964,6.19115603,MORICHE,26.31433333333333,135.0,psig,25.28434129955889,53.333333333333336;;;;;;
MORC0004KST,MORICHE K-04ST,-74.5441915,6.19211733,MORICHE,9.846,103.0,psig,25.28434129955889,46.666666666666664;;;;;;
MORC0004L,MORICHE L-04,-74.537314,6.1858247,MORICHE,16.79166666666667,78.0,psig,25.28434129955889,41.111111111111114;;;;;;
MORC0004M,MORICHE M-04,-74.54309067,6.19595388,MORICHE,51.85266666666666,300.0,psig,25.28434129955889,69.44444444444444;;;;;;
MORC0004NN,MORICHE N-04,-74.53518184,6.19384485,MORICHE,97.83533333333334,70.0,psig,25.28434129955889,51.666666666666664;;;;;;
MORC0004O,MORICHE O-04,-74.53921604,6.19509598,MORICHE,21.46833333333333,71.0,psig,25.28434129955889,52.22222222222222;;;;;;
MORC0004P,MORICHE P-04,-74.53534616,6.19711239,MORICHE,88.60366666666667,280.0,psig,25.28434129955889,58.333333333333336;;;;;;
MORC0004Q,MORICHE Q-04,-74.5466519,6.19554158,MORICHE,8.479333333333333,300.0,psig,25.28434129955889,45.0;;;;;;
MORC0004R,MORICHE R-04,-74.53997697,6.19865235,MORICHE,15.403,94.0,psig,25.28434129955889,66.66666666666667;;;;;;
MORC0004SSST,MORICHE S-04ST,-74.53355438,6.20365151,MORICHE,7.658666666666666,120.0,psig,25.28434129955889,57.77777777777778;;;;;;
MORC0004T,MORICHE T-04,-74.53286972,6.20017875,MORICHE,12.38866666666667,280.0,psig,25.28434129955889,57.77777777777778;;;;;;
MORC0004U,MORICHE U-04,-74.53502994,6.20565317,MORICHE,68.11366666666667,380.0,psig,25.28434129955889,62.22222222222222;;;;;;
MORC0004V,MORICHE V-04,-74.53673935,6.20109773,MORICHE,67.68433333333333,280.0,psig,25.28434129955889,60.0;;;;;;
MORC0004W,MORICHE W-04,-74.54240666,6.20159125,MORICHE,12.10566666666667,105.0,psig,25.28434129955889,74.44444444444444;;;;;;
MORC0004Y,MORICHE Y-04,-74.53918043,6.20415645,MORICHE,3.118,99.0,psig,25.28434129955889,70.0;;;;;;
MORC0005AA,MORICHE AA-05,-74.54615916,6.19902557,MORICHE,211.2166666666667,80.0,psig,25.28434129955889,38.888888888888886;;;;;;
MORC0005AB,MORICHE AB-05,-74.531482,6.20717194,MORICHE,58.794,380.0,psig,25.28434129955889,82.77777777777777;;;;;;
MORC0005AG,MORICHE AG-05,-74.55038922,6.22982225,MORICHE,4.474333333333333,79.0,psig,25.28434129955889,76.66666666666667;;;;;;
MORC0005AI,MORICHE AI-05,-74.53869513,6.22855198,MORICHE,13.05533333333333,40.0,psig,25.28434129955889,38.333333333333336;;;;;;
MORC0005AL,MORICHE AL-05,-74.54660725,6.22166379,MORICHE,11.07433333333333,80.0,psig,25.28434129955889,89.44444444444444;;;;;;
MORC0005AN,MORICHE AN-05,-74.55036308,6.21638198,MORICHE,2.201,80.0,psig,25.28434129955889,45.55555555555556;;;;;;
MORC0005AO,MORICHE AO-05,-74.54649684,6.21879182,MORICHE,136.124,300.0,psig,25.28434129955889,82.22222222222223;;;;;;
MORC0005AU,MORICHE AU-05,-74.55005666,6.21156609,MORICHE,8.340333333333334,100.0,psig,25.28434129955889,39.44444444444444;;;;;;
MORC0005AW,MORICHE AW-05,-74.5483457,6.20537814,MORICHE,28.25533333333333,60.0,psig,25.28434129955889,53.888888888888886;;;;;;
MORC0005AX,MORICHE AX-05,-74.54310609,6.20774169,MORICHE,2.319,63.0,psig,25.28434129955889,100.3722222222222;;;;;;
MORC0005AZ,MORICHE AZ-05,-74.53348194,6.20881028,MORICHE,21.966,104.0,psig,25.28434129955889,61.111111111111114;;;;;;
MORC0005B,MORICHE B-05,-74.53745348,6.17664795,MORICHE,3.597,380.0,psig,25.28434129955889,56.111111111111114;;;;;;
MORC0005BB,MORICHE BB-05,-74.52485313,6.20492152,MORICHE,29.799,145.0,psig,25.28434129955889,76.66666666666667;;;;;;
MORC0005BC,MORICHE BC-05,-74.52721628,6.19803715,MORICHE,0.3993333333333334,100.0,psig,25.28434129955889,42.77777777777778;;;;;;
MORC0005BD,MORICHE BD-05,-74.52407683,6.19305859,MORICHE,1.156,106.0,psig,25.28434129955889,40.55555555555556;;;;;;
MORC0005BE,MORICHE BE-05,-74.52935118,6.1924155,MORICHE,1.022666666666667,93.0,psig,25.28434129955889,40.0;;;;;;
MORC0005BF,MORICHE BF-05,-74.52872526,6.18814917,MORICHE,1.438666666666667,78.0,psig,25.28434129955889,40.0;;;;;;
MORC0005BG,MORICHE BG-05,-74.53242361,6.18963801,MORICHE,2.300333333333334,70.0,psig,25.28434129955889,45.0;;;;;;
MORC0005BH,MORICHE BH-05,-74.52954077,6.19423173,MORICHE,53.15933333333333,87.0,psig,25.28434129955889,65.0;;;;;;
MORC0005BJ,MORICHE BJ-05,-74.53314995,6.18122799,MORICHE,0.49,40.0,psig,25.28434129955889,44.44444444444444;;;;;;
MORC0005BK,MORICHE BK-05,-74.5276452,6.17905121,MORICHE,2.328,40.0,psig,25.28434129955889,40.55555555555556;;;;;;
MORC0005BL,MORICHE BL-05,-74.5429868,6.17340123,MORICHE,32.57966666666667,100.0,psig,25.28434129955889,72.22222222222223;;;;;;
MORC0005BM,MORICHE BM-05,-74.53215737,6.17543381,MORICHE,2.371333333333333,40.0,psig,25.28434129955889,62.77777777777778;;;;;;
MORC0005BO,MORICHE BO-05,-74.53267047,6.17056858,MORICHE,0.5926666666666667,80.0,psig,25.28434129955889,38.888888888888886;;;;;;
MORC0005BP,MORICHE BP-05,-74.53527558,6.1675722,MORICHE,93.26733333333333,100.0,psig,25.28434129955889,81.11111111111111;;;;;;
MORC0005CB,MORICHE CB-05,-74.52349477,6.22210767,MORICHE,70.684,380.0,psig,25.28434129955889,48.888888888888886;;;;;;
MORC0005CC,MORICHE CC-05,-74.52363769,6.21545915,MORICHE,1.193666666666667,185.0,psig,25.28434129955889,65.0;;;;;;
MORC0005CE,MORICHE CE-05,-74.52249201,6.21093216,MORICHE,125.927,181.0,psig,25.28434129955889,62.77777777777778;;;;;;
MORC0005CF,MORICHE CF-05,-74.51809597,6.20862099,MORICHE,114.09,180.0,psig,25.28434129955889,100.55555555555556;;;;;;
MORC0005CG,MORICHE CG-05,-74.52066376,6.19915148,MORICHE,39.381,107.0,psig,25.28434129955889,89.44444444444444;;;;;;
MORC0005CJ,MORICHE CJ-05,-74.52137663,6.18655374,MORICHE,10.99466666666667,100.0,psig,25.28434129955889,35.55555555555556;;;;;;
MORC0005E,MORICHE E-05,-74.53977718,6.18385246,MORICHE,54.654,93.0,psig,25.28434129955889,47.22222222222222;;;;;;
MORC0005G,MORICHE G-05,-74.54130977,6.1871075,MORICHE,1.332,99.0,psig,25.28434129955889,83.33333333333333;;;;;;
MORC0005H,MORICHE H-05,-74.54454276,6.18848168,MORICHE,9.074666666666667,300.0,psig,25.28434129955889,51.666666666666664;;;;;;
MORC0005J,MORICHE J-05,-74.54015972,6.19127251,MORICHE,60.21133333333333,280.0,psig,25.28434129955889,62.77777777777778;;;;;;
MORC0005L,MORICHE L-05,-74.53718812,6.18587567,MORICHE,17.23166666666667,300.0,psig,25.28434129955889,56.666666666666664;;;;;;
MORC0005N,MORICHE NORTE-05,-74.54798244,6.20520439,MORICHE,10.501,60.0,psig,25.28434129955889,60.37222222222221;;;;;;
MORC0005NNST,MORICHE N-05ST,-74.53516867,6.19392037,MORICHE,2.662666666666667,169.0,psig,25.28434129955889,65.55555555555556;;;;;;
MORC0005O,MORICHE O-05,-74.53930545,6.19484272,MORICHE,5.657,70.0,psig,25.28434129955889,43.888888888888886;;;;;;
MORC0005P,MORICHE P-05,-74.53536429,6.19718471,MORICHE,0.9076666666666667,72.0,psig,25.28434129955889,50.0;;;;;;
MORC0005R,MORICHE R-05,-74.53990705,6.19876884,MORICHE,44.48333333333333,96.0,psig,25.28434129955889,92.22222222222223;;;;;;
MORC0005S,MORICHE S-05,-74.53346746,6.2037884,MORICHE,106.2453333333333,120.0,psig,25.28434129955889,105.55555555555556;;;;;;
MORC0005T,MORICHE T-05,-74.53277092,6.20020483,MORICHE,41.23233333333334,280.0,psig,25.28434129955889,82.22222222222223;;;;;;
MORC0005U,MORICHE U-05,-74.53524607,6.20552254,MORICHE,2.047,120.0,psig,25.28434129955889,37.77777777777778;;;;;;
MORC0005V,MORICHE V-05,-74.5311843,6.20112286,MORICHE,49.681,140.0,psig,25.28434129955889,68.33333333333333;;;;;;
MORC0005W,MORICHE W-05,-74.54288664,6.2015637,MORICHE,36.84966666666666,106.0,psig,25.28434129955889,54.44444444444444;;;;;;
MORC0005Y,MORICHE Y-05,-74.53965423,6.20415942,MORICHE,33.531,102.0,psig,25.28434129955889,77.77777777777777;;;;;;
MORC0006A,MORICHE A-06,-74.53696661,6.17326291,MORICHE,1.566666666666667,100.0,psig,25.28434129955889,43.333333333333336;;;;;;
MORC0006AB,MORICHE AB-06,-74.53147307,6.20703451,MORICHE,37.275,129.0,psig,25.28434129955889,65.0;;;;;;
MORC0006AI,MORICHE AI-06,-74.53869013,6.22864241,MORICHE,7.256333333333333,85.0,psig,25.28434129955889,93.33333333333333;;;;;;
MORC0006AN,MORICHE AN-06,-74.55048458,6.21647117,MORICHE,37.75233333333333,80.0,psig,25.28434129955889,45.55555555555556;;;;;;
MORC0006AO,MORICHE AO-06,-74.54640985,6.21876703,MORICHE,36.39566666666666,100.0,psig,25.28434129955889,53.333333333333336;;;;;;
MORC0006AW,MORICHE AW-06,-74.54882039,6.20510644,MORICHE,2.171666666666667,65.0,psig,25.28434129955889,77.77777777777777;;;;;;
MORC0006AXST,MORICHE AX-06ST,-74.54307557,6.20764545,MORICHE,25.27866666666667,61.0,psig,25.28434129955889,98.33333333333333;;;;;;
MORC0006AY,MORICHE AY-06,-74.54015551,6.20977202,MORICHE,11.16133333333333,400.0,psig,25.28434129955889,55.55555555555556;;;;;;
MORC0006AZ,MORICHE AZ-06,-74.53358087,6.20892549,MORICHE,49.775,200.0,psig,25.28434129955889,76.66666666666667;;;;;;
MORC0006BC,MORICHE BC-06,-74.52715918,6.19796712,MORICHE,123.0943333333333,96.0,psig,25.28434129955889,48.888888888888886;;;;;;
MORC0006BD,MORICHE BD-06,-74.52392663,6.19307567,MORICHE,1.335666666666667,107.0,psig,25.28434129955889,46.666666666666664;;;;;;
MORC0006BF,MORICHE BF-06,-74.52906261,6.18842242,MORICHE,4.074333333333334,83.0,psig,25.28434129955889,38.888888888888886;;;;;;
MORC0006BH,MORICHE BH-06,-74.52946957,6.1941764,MORICHE,51.979,85.0,psig,25.28434129955889,39.44444444444444;;;;;;
MORC0006BK,MORICHE BK-06,-74.52695407,6.17910265,MORICHE,9.968,40.0,psig,25.28434129955889,42.22222222222222;;;;;;
MORC0006BL,MORICHE BL-06,-74.54310258,6.17277268,MORICHE,116.7886666666667,100.0,psig,25.28434129955889,96.11111111111111;;;;;;
MORC0006BR,MORICHE BR-06,-74.53662174,6.16228465,MORICHE,2.456,121.0,psig,25.28434129955889,44.44444444444444;;;;;;
MORC0006BT,MORICHE BT-06,-74.54504511,6.22475652,MORICHE,10.70566666666667,40.0,psig,25.28434129955889,41.111111111111114;;;;;;
MORC0006C,MORICHE C-06,-74.53806819,6.17966734,MORICHE,0.3583333333333333,100.0,psig,25.28434129955889,60.0;;;;;;
MORC0006CC,MORICHE CC-06,-74.52365019,6.21554844,MORICHE,118.0663333333333,187.0,psig,25.28434129955889,80.55555555555556;;;;;;
MORC0006CD,MORICHE CD-06,-74.51930929,6.21439805,MORICHE,79.43533333333333,181.0,psig,25.28434129955889,60.0;;;;;;
MORC0006CF,MORICHE CF-06,-74.51769663,6.20851733,MORICHE,84.35799999999999,168.0,psig,25.28434129955889,77.22222222222223;;;;;;
MORC0006E,MORICHE E-06,-74.5403972,6.18406681,MORICHE,127.6,88.0,psig,25.28434129955889,76.66666666666667;;;;;;
MORC0006G,MORICHE G-06,-74.54123646,6.18722173,MORICHE,6.924,97.0,psig,25.28434129955889,68.33333333333333;;;;;;
MORC0006H,MORICHE H-06,-74.54445385,6.18837239,MORICHE,52.07899999999999,260.0,psig,25.28434129955889,51.666666666666664;;;;;;
MORC0006I,MORICHE I-06,-74.53645227,6.19010818,MORICHE,65.64866666666667,320.0,psig,25.28434129955889,87.77777777777777;;;;;;
MORC0006J,MORICHE J-06,-74.54018005,6.19129871,MORICHE,66.75,112.0,psig,25.28434129955889,65.55555555555556;;;;;;
MORC0006K,MORICHE K-06,-74.5441362,6.19231604,MORICHE,50.43033333333334,136.0,psig,25.28434129955889,41.111111111111114;;;;;;
MORC0006L,MORICHE L-06,-74.5370628,6.18592665,MORICHE,0.778,80.0,psig,25.28434129955889,66.11111111111111;;;;;;
MORC0006M,MORICHE M-06,-74.54288318,6.19576739,MORICHE,75.95466666666667,80.0,psig,25.28434129955889,58.888888888888886;;;;;;
MORC0006N,MORICHE NORTE-06,-74.54055687,6.20958856,MORICHE,59.34933333333333,300.0,psig,25.28434129955889,48.333333333333336;;;;;;
MORC0006NN,MORICHE N-06,-74.5353531,6.193315,MORICHE,51.452,61.0,psig,25.28434129955889,53.333333333333336;;;;;;
MORC0006O,MORICHE O-06,-74.53911274,6.19517492,MORICHE,45.27566666666667,360.0,psig,25.28434129955889,63.333333333333336;;;;;;
MORC0006R,MORICHE R-06,-74.53989644,6.1987759,MORICHE,128.3666666666667,95.0,psig,25.28434129955889,68.88888888888889;;;;;;
MORC0006S,MORICHE S-06,-74.53340071,6.20365169,MORICHE,17.744,120.0,psig,25.28434129955889,49.44444444444444;;;;;;
MORC0006T,MORICHE T-06,-74.53281368,6.20033974,MORICHE,76.52533333333334,280.0,psig,25.28434129955889,50.55555555555556;;;;;;
MORC0006U,MORICHE U-06,-74.53533437,6.20460449,MORICHE,21.05,300.0,psig,25.28434129955889,79.44444444444444;;;;;;
MORC0006V,MORICHE V-06,-74.53654483,6.20103135,MORICHE,31.37833333333333,91.0,psig,25.28434129955889,81.66666666666667;;;;;;
MORC0006W,MORICHE W-06,-74.54234233,6.20164669,MORICHE,31.46333333333333,104.0,psig,25.28434129955889,76.66666666666667;;;;;;
MORC0006Y,MORICHE Y-06,-74.53956361,6.20373243,MORICHE,69.34333333333333,300.0,psig,25.28434129955889,52.22222222222222;;;;;;
MORC0007A,MORICHE A-07,-74.53723858,6.17303209,MORICHE,0.3413333333333333,100.0,psig,25.28434129955889,39.44444444444444;;;;;;
MORC0007AA,MORICHE AA-07,-74.54536514,6.19914165,MORICHE,44.184,82.0,psig,25.28434129955889,49.44444444444444;;;;;;
MORC0007AB,MORICHE AB-07,-74.53143794,6.20695117,MORICHE,125.8323333333333,128.0,psig,25.28434129955889,75.0;;;;;;
MORC0007AI,MORICHE AI-07,-74.53746271,6.2283756,MORICHE,139.9003333333334,40.0,psig,25.28434129955889,45.55555555555556;;;;;;
MORC0007AL,MORICHE AL-07,-74.54993711,6.22442099,MORICHE,12.11033333333333,80.0,psig,25.28434129955889,42.22222222222222;;;;;;
MORC0007AN,MORICHE AN-07,-74.55060608,6.21656148,MORICHE,25.32266666666667,80.0,psig,25.28434129955889,58.333333333333336;;;;;;
MORC0007AO,MORICHE AO-07,-74.54632286,6.21874337,MORICHE,1.229,100.0,psig,25.28434129955889,66.11111111111111;;;;;;
MORC0007AY,MORICHE AY-07,-74.53999957,6.2096806,MORICHE,112.5366666666667,300.0,psig,25.28434129955889,77.77777777777777;;;;;;
MORC0007BA,MORICHE BA-07,-74.53230458,6.21416324,MORICHE,58.45333333333333,100.0,psig,25.28434129955889,42.77777777777778;;;;;;
MORC0007BB,MORICHE BB-07,-74.5241091,6.20523975,MORICHE,88.867,148.0,psig,25.28434129955889,71.11111111111111;;;;;;
MORC0007BCST,MORICHE BC-07ST,-74.52712834,6.1978434,MORICHE,0.9600000000000001,99.0,psig,25.28434129955889,51.666666666666664;;;;;;
MORC0007BD,MORICHE BD-07,-74.523777,6.19309275,MORICHE,6.057,105.0,psig,25.28434129955889,61.666666666666664;;;;;;
MORC0007BG,MORICHE BG-07,-74.53307824,6.18971771,MORICHE,17.022,70.0,psig,25.28434129955889,58.333333333333336;;;;;;
MORC0007BM,MORICHE BM-07,-74.53222123,6.17549706,MORICHE,1.508666666666667,280.0,psig,25.28434129955889,54.44444444444444;;;;;;
MORC0007BO,MORICHE BO-07,-74.53261414,6.17074157,MORICHE,0.2526666666666667,80.0,psig,25.28434129955889,34.44444444444444;;;;;;
MORC0007BR,MORICHE BR-07,-74.53664045,6.1623728,MORICHE,2.451333333333333,121.0,psig,25.28434129955889,42.77777777777778;;;;;;
MORC0007C,MORICHE C-07,-74.53808305,6.18032294,MORICHE,26.82866666666667,100.0,psig,25.28434129955889,87.77777777777777;;;;;;
MORC0007CB,MORICHE CB-07,-74.52334841,6.22200155,MORICHE,88.46433333333333,200.0,psig,25.28434129955889,49.44444444444444;;;;;;
MORC0007CC,MORICHE CC-07,-74.52366325,6.21563772,MORICHE,40.50833333333333,180.0,psig,25.28434129955889,100.0;;;;;;
MORC0007CD,MORICHE CD-07,-74.51925288,6.2144693,MORICHE,124.9183333333333,181.0,psig,25.28434129955889,98.88888888888889;;;;;;
MORC0007CF,MORICHE CF-07,-74.51768488,6.20865298,MORICHE,78.45966666666666,171.0,psig,25.28434129955889,44.44444444444444;;;;;;
MORC0007CG,MORICHE CG-07,-74.52069071,6.19897174,MORICHE,16.79866666666667,105.0,psig,25.28434129955889,62.77777777777778;;;;;;
MORC0007E,MORICHE E-07,-74.54047751,6.18395625,MORICHE,40.314,91.0,psig,25.28434129955889,55.0;;;;;;
MORC0007G,MORICHE G-07,-74.54109772,6.18389178,MORICHE,64.98333333333333,300.0,psig,25.28434129955889,87.77777777777777;;;;;;
MORC0007H,MORICHE H-07,-74.54436269,6.18838577,MORICHE,2.965333333333333,96.0,psig,25.28434129955889,49.44444444444444;;;;;;
MORC0007I,MORICHE I-07,-74.53658735,6.19011394,MORICHE,31.74533333333333,320.0,psig,25.28434129955889,67.77777777777777;;;;;;
MORC0007K,MORICHE K-07,-74.54423243,6.1922258,MORICHE,16.77566666666667,80.0,psig,25.28434129955889,54.44444444444444;;;;;;
MORC0007L,MORICHE L-07,-74.53693692,6.18597762,MORICHE,0.215,80.0,psig,25.28434129955889,53.333333333333336;;;;;;
MORC0007NN,MORICHE N-07,-74.53537922,6.19322835,MORICHE,14.78866666666667,70.0,psig,25.28434129955889,45.55555555555556;;;;;;
MORC0007O,MORICHE O-07,-74.53906718,6.19525336,MORICHE,18.20366666666667,74.0,psig,25.28434129955889,62.22222222222222;;;;;;
MORC0007Q,MORICHE Q-07,-74.54653499,6.19494696,MORICHE,6.454666666666666,260.0,psig,25.28434129955889,45.55555555555556;;;;;;
MORC0007S,MORICHE S-07,-74.53333804,6.20361173,MORICHE,11.1,120.0,psig,25.28434129955889,68.33333333333333;;;;;;
MORC0007ST,MORICHE J-07ST,-74.54029833,6.19120611,MORICHE,57.755,157.0,psig,25.28434129955889,76.66666666666667;;;;;;
MORC0007V,MORICHE V-07,-74.53645642,6.20129176,MORICHE,61.14933333333333,91.0,psig,25.28434129955889,50.0;;;;;;
MORC0007W,MORICHE W-07,-74.54291298,6.2013543,MORICHE,9.853666666666667,102.0,psig,25.28434129955889,39.44444444444444;;;;;;
MORC0007Y,MORICHE Y-07,-74.53946089,6.20374808,MORICHE,65.94333333333333,300.0,psig,25.28434129955889,54.44444444444444;;;;;;
MORC0008A,MORICHE A-08,-74.53716631,6.17303216,MORICHE,0.149,100.0,psig,25.28434129955889,36.666666666666664;;;;;;
MORC0008AA,MORICHE AA-08,-74.54527515,6.19914227,MORICHE,171.0113333333333,75.0,psig,25.28434129955889,61.111111111111114;;;;;;
MORC0008AB,MORICHE AB-08,-74.53143474,6.20722253,MORICHE,50.86833333333333,133.0,psig,25.28434129955889,78.88888888888889;;;;;;
MORC0008AL,MORICHE AL-08,-74.54642933,6.22163117,MORICHE,6.044666666666667,80.0,psig,25.28434129955889,40.55555555555556;;;;;;
MORC0008AN,MORICHE AN-08,-74.55029632,6.21624878,MORICHE,38.14166666666667,280.0,psig,25.28434129955889,74.44444444444444;;;;;;
MORC0008AU,MORICHE AU-08,-74.550146,6.21106755,MORICHE,0.8746666666666666,100.0,psig,25.28434129955889,57.22222222222222;;;;;;
MORC0008AW,MORICHE AW-08,-74.54854476,6.20505244,MORICHE,6.313666666666666,63.0,psig,25.28434129955889,45.0;;;;;;
MORC0008AY,MORICHE AY-08,-74.54007754,6.20972575,MORICHE,31.43533333333333,300.0,psig,25.28434129955889,60.55555555555556;;;;;;
MORC0008BA,MORICHE BA-08,-74.53194008,6.21321636,MORICHE,37.68,100.0,psig,25.28434129955889,92.22222222222223;;;;;;
MORC0008BB,MORICHE BB-08,-74.52404123,6.20512226,MORICHE,177.808,170.0,psig,25.28434129955889,56.666666666666664;;;;;;
MORC0008BC,MORICHE BC-08,-74.52704443,6.19782819,MORICHE,3.863333333333334,99.0,psig,25.28434129955889,61.111111111111114;;;;;;
MORC0008BDST,MORICHE BD-08ST,-74.52387023,6.19251613,MORICHE,77.111,103.0,psig,25.28434129955889,44.44444444444444;;;;;;
MORC0008BF,MORICHE BF-08,-74.52978863,6.18753678,MORICHE,84.31366666666666,74.0,psig,25.28434129955889,41.666666666666664;;;;;;
MORC0008BG,MORICHE BG-08,-74.53316779,6.18972857,MORICHE,28.06,280.0,psig,25.28434129955889,61.111111111111114;;;;;;
MORC0008BH,MORICHE BH-08,-74.52996239,6.19457303,MORICHE,47.70733333333333,86.0,psig,25.28434129955889,49.44444444444444;;;;;;
MORC0008BI,MORICHE BI-08,-74.54296838,6.18119165,MORICHE,29.878,260.0,psig,25.28434129955889,47.77777777777778;;;;;;
MORC0008BL,MORICHE BL-08,-74.54317539,6.17296392,MORICHE,106.3883333333333,100.0,psig,25.28434129955889,75.0;;;;;;
MORC0008BM,MORICHE BM-08,-74.53209439,6.17575374,MORICHE,7.886666666666667,280.0,psig,25.28434129955889,52.77777777777778;;;;;;
MORC0008BP,MORICHE BP-08,-74.53543701,6.16749068,MORICHE,12.25866666666667,260.0,psig,25.28434129955889,50.55555555555556;;;;;;
MORC0008BR,MORICHE BR-08,-74.53665916,6.16246207,MORICHE,30.99033333333334,280.0,psig,25.28434129955889,51.666666666666664;;;;;;
MORC0008C,MORICHE C-08,-74.53809199,6.18041299,MORICHE,65.67533333333333,86.0,psig,25.28434129955889,65.55555555555556;;;;;;
MORC0008CC,MORICHE CC-08,-74.52367575,6.21572813,MORICHE,76.841,192.0,psig,25.28434129955889,53.333333333333336;;;;;;
MORC0008CE,MORICHE CE-08,-74.52266125,6.21071952,MORICHE,58.33133333333333,169.0,psig,25.28434129955889,86.11111111111111;;;;;;
MORC0008CG,MORICHE CG-08,-74.52070419,6.19888244,MORICHE,22.52933333333333,107.0,psig,25.28434129955889,57.22222222222222;;;;;;
MORC0008E,MORICHE E-08,-74.54041388,6.18392185,MORICHE,81.066,128.0,psig,25.28434129955889,69.44444444444444;;;;;;
MORC0008G,MORICHE G-08,-74.54125929,6.18692363,MORICHE,95.02199999999999,97.0,psig,25.28434129955889,71.66666666666667;;;;;;
MORC0008I,MORICHE I-08,-74.53666167,6.21707252,MORICHE,64.46433333333333,70.0,psig,25.28434129955889,73.88888888888889;;;;;;
MORC0008J,MORICHE J-08,-74.54051146,6.19067523,MORICHE,39.88699999999999,80.0,psig,25.28434129955889,101.48333333333332;;;;;;
MORC0008KST,MORICHE K-08ST,-74.54447001,6.19165186,MORICHE,30.86433333333333,104.0,psig,25.28434129955889,65.55555555555556;;;;;;
MORC0008L,MORICHE L-08,-74.53678953,6.18597435,MORICHE,26.03166666666667,79.0,psig,25.28434129955889,42.77777777777778;;;;;;
MORC0008M,MORICHE M-08,-74.54346722,6.19591295,MORICHE,66.419,80.0,psig,25.28434129955889,46.111111111111114;;;;;;
MORC0008O,MORICHE O-08,-74.53902189,6.19533125,MORICHE,12.512,71.0,psig,25.28434129955889,62.77777777777778;;;;;;
MORC0008Q,MORICHE Q-08,-74.54654628,6.19480327,MORICHE,69.979,80.0,psig,25.28434129955889,52.22222222222222;;;;;;
MORC0008Y,MORICHE Y-08,-74.53932689,6.20374828,MORICHE,78.91900000000001,300.0,psig,25.28434129955889,55.0;;;;;;
MORC0009AA,MORICHE AA-09,-74.54518514,6.19912308,MORICHE,143.7083333333333,80.0,psig,25.28434129955889,87.77777777777777;;;;;;
MORC0009AN,MORICHE AN-09,-74.55034599,6.20704399,MORICHE,4.927,500.0,psig,25.28434129955889,56.111111111111114;;;;;;
MORC0009AO,MORICHE AO-09,-74.54614888,6.21869379,MORICHE,73.42666666666668,100.0,psig,25.28434129955889,113.88888888888889;;;;;;
MORC0009AUST,MORICHE AU-09ST,-74.54983791,6.21172195,MORICHE,6.348666666666667,100.0,psig,25.28434129955889,42.77777777777778;;;;;;
MORC0009AW,MORICHE AW-09,-74.54836749,6.20510685,MORICHE,21.616,300.0,psig,25.28434129955889,43.888888888888886;;;;;;
MORC0009AX,MORICHE AX-09,-74.54285456,6.20748194,MORICHE,18.79733333333333,200.0,psig,25.28434129955889,47.77777777777778;;;;;;
MORC0009AY,MORICHE AY-09,-74.53988495,6.20969653,MORICHE,22.605,180.0,psig,25.28434129955889,51.666666666666664;;;;;;
MORC0009BA,MORICHE BA-09,-74.53211529,6.21337897,MORICHE,51.322,100.0,psig,25.28434129955889,62.77777777777778;;;;;;
MORC0009BB,MORICHE BB-09,-74.52397337,6.20500477,MORICHE,33.61733333333333,151.0,psig,25.28434129955889,53.888888888888886;;;;;;
MORC0009BC,MORICHE BC-09,-74.52698734,6.19775816,MORICHE,52.45266666666667,99.0,psig,25.28434129955889,76.11111111111111;;;;;;
MORC0009BG,MORICHE BG-09,-74.53325779,6.18973989,MORICHE,21.09666666666667,300.0,psig,25.28434129955889,68.88888888888889;;;;;;
MORC0009BH,MORICHE BH-09,-74.52954099,6.19428363,MORICHE,30.65366666666667,86.0,psig,25.28434129955889,62.77777777777778;;;;;;
MORC0009BI,MORICHE BI-09,-74.54332979,6.18119134,MORICHE,37.423,300.0,psig,25.28434129955889,57.22222222222222;;;;;;
MORC0009BKST,MORICHE BK-09ST,-74.52691603,6.17915174,MORICHE,10.99833333333333,40.0,psig,25.28434129955889,41.666666666666664;;;;;;
MORC0009BL,MORICHE BL-09,-74.54282916,6.17358678,MORICHE,37.592,200.0,psig,25.28434129955889,94.44444444444444;;;;;;
MORC0009BP,MORICHE BP-09,-74.53584857,6.16738295,MORICHE,81.25466666666667,240.0,psig,25.28434129955889,50.55555555555556;;;;;;
MORC0009BR,MORICHE BR-09,-74.53667787,6.16255022,MORICHE,114.213,220.0,psig,25.28434129955889,50.0;;;;;;
MORC0009CB,MORICHE CB-09,-74.52318852,6.22191352,MORICHE,34.82233333333333,200.0,psig,25.28434129955889,51.111111111111114;;;;;;
MORC0009CE,MORICHE CE-09,-74.52271766,6.21064939,MORICHE,83.05,177.0,psig,25.28434129955889,56.666666666666664;;;;;;
MORC0009CF,MORICHE CF-09,-74.51766139,6.20892314,MORICHE,80.654,168.0,psig,25.28434129955889,53.333333333333336;;;;;;
MORC0009E,MORICHE E-09,-74.54030658,6.18386398,MORICHE,32.92733333333334,163.0,psig,25.28434129955889,46.666666666666664;;;;;;
MORC0009G,MORICHE G-09,-74.54157558,6.18648208,MORICHE,0.593,96.0,psig,25.28434129955889,46.111111111111114;;;;;;
MORC0009J,MORICHE J-09,-74.54055793,6.19059778,MORICHE,67.58533333333334,300.0,psig,25.28434129955889,79.44444444444444;;;;;;
MORC0009K,MORICHE K-09,-74.54451611,6.19157423,MORICHE,41.79866666666667,104.0,psig,25.28434129955889,75.0;;;;;;
MORC0009L,MORICHE L-09,-74.53703286,6.18591428,MORICHE,0.2313333333333333,79.0,psig,25.28434129955889,47.22222222222222;;;;;;
MORC0009N,MORICHE NORTE-09,-74.52929918,6.19236469,MORICHE,4.105333333333333,86.0,psig,25.28434129955889,39.44444444444444;;;;;;
MORC0009NN,MORICHE N-09,-74.5351173,6.19470511,MORICHE,106.764,240.0,psig,25.28434129955889,65.55555555555556;;;;;;
MORC0009O,MORICHE O-09,-74.53919828,6.1949374,MORICHE,47.805,80.0,psig,25.28434129955889,73.88888888888889;;;;;;
MORC0009S,MORICHE S-09,-74.53439019,6.2035846,MORICHE,30.515,300.0,psig,25.28434129955889,72.77777777777777;;;;;;
MORC0009U,MORICHE U-09,-74.53499786,6.20551552,MORICHE,0.1946666666666667,440.0,psig,25.28434129955889,65.55555555555556;;;;;;
MORC0009Y,MORICHE Y-09,-74.53919293,6.20378918,MORICHE,40.87933333333334,200.0,psig,25.28434129955889,48.888888888888886;;;;;;
MORC0010AB,MORICHE AB-10,-74.53159237,6.20759801,MORICHE,50.32933333333334,280.0,psig,25.28434129955889,52.22222222222222;;;;;;
MORC0010AN,MORICHE AN-10,-74.55102619,6.21581581,MORICHE,2.147,70.0,psig,25.28434129955889,61.111111111111114;;;;;;
MORC0010AO,MORICHE AO-10,-74.54563034,6.21920627,MORICHE,77.97766666666666,100.0,psig,25.28434129955889,107.77777777777777;;;;;;
MORC0010AU,MORICHE AU-10,-74.54985367,6.21064734,MORICHE,30.23033333333333,100.0,psig,25.28434129955889,60.0;;;;;;
MORC0010AW,MORICHE AW-10,-74.54791015,6.20520559,MORICHE,2.996666666666667,64.0,psig,25.28434129955889,40.0;;;;;;
MORC0010AX,MORICHE AX-10,-74.54319026,6.20841527,MORICHE,37.84133333333333,60.0,psig,25.28434129955889,105.55555555555556;;;;;;
MORC0010BA,MORICHE BA-10,-74.53190264,6.21367303,MORICHE,52.68633333333333,100.0,psig,25.28434129955889,70.0;;;;;;
MORC0010BB,MORICHE BB-10,-74.5239055,6.20488727,MORICHE,67.951,149.0,psig,25.28434129955889,85.0;;;;;;
MORC0010BCST,MORICHE BC-10ST,-74.5269564,6.1976334,MORICHE,38.00133333333333,96.0,psig,25.28434129955889,48.333333333333336;;;;;;
MORC0010BD,MORICHE BD-10,-74.52385598,6.19232747,MORICHE,16.54633333333333,128.0,psig,25.28434129955889,69.44444444444444;;;;;;
MORC0010BF,MORICHE BF-10,-74.52965772,6.18766122,MORICHE,0.7133333333333333,80.0,psig,25.28434129955889,37.77777777777778;;;;;;
MORC0010BH,MORICHE BH-10,-74.52939914,6.19417154,MORICHE,57.06366666666667,81.0,psig,25.28434129955889,83.88888888888889;;;;;;
MORC0010BI,MORICHE BI-10,-74.54343821,6.18119125,MORICHE,18.856,85.0,psig,25.28434129955889,51.666666666666664;;;;;;
MORC0010C,MORICHE C-10,-74.5380145,6.17972105,MORICHE,89.51466666666667,280.0,psig,25.28434129955889,65.55555555555556;;;;;;
MORC0010CC,MORICHE CC-10,-74.52370132,6.2159067,MORICHE,56.07899999999999,186.0,psig,25.28434129955889,55.0;;;;;;
MORC0010CD,MORICHE CD-10,-74.51904126,6.21464694,MORICHE,85.96933333333332,186.0,psig,25.28434129955889,78.88888888888889;;;;;;
MORC0010CE,MORICHE CE-10,-74.52277407,6.21057814,MORICHE,121.5326666666667,176.0,psig,25.28434129955889,94.44444444444444;;;;;;
MORC0010E,MORICHE E-10,-74.53994853,6.18367088,MORICHE,41.64966666666667,280.0,psig,25.28434129955889,58.888888888888886;;;;;;
MORC0010G,MORICHE G-10,-74.54172276,6.18656662,MORICHE,120.8533333333333,100.0,psig,25.28434129955889,59.44444444444444;;;;;;
MORC0010I,MORICHE I-10,-74.53682732,6.18989798,MORICHE,54.82266666666667,300.0,psig,25.28434129955889,56.666666666666664;;;;;;
MORC0010K,MORICHE K-10,-74.54462882,6.19182614,MORICHE,18.26833333333333,106.0,psig,25.28434129955889,111.11111111111111;;;;;;
MORC0010L,MORICHE L-10,-74.5269564,6.1976334,MORICHE,78.912,320.0,psig,25.28434129955889,44.44444444444444;;;;;;
MORC0010NN,MORICHE N-10,-74.53466412,6.19260422,MORICHE,14.30233333333333,380.0,psig,25.28434129955889,63.333333333333336;;;;;;
MORC0010O,MORICHE O-10,-74.53882865,6.19525022,MORICHE,11.34133333333333,70.0,psig,25.28434129955889,67.77777777777777;;;;;;
MORC0010R,MORICHE R-10,-74.53963248,6.19852388,MORICHE,90.284,260.0,psig,25.28434129955889,51.111111111111114;;;;;;
MORC0010S,MORICHE SUR-10,-74.52731323,6.17912835,MORICHE,0.7803333333333333,60.0,psig,25.28434129955889,42.22222222222222;;;;;;
MORC0010W,MORICHE W-10,-74.54262038,6.20141686,MORICHE,27.75066666666667,106.0,psig,25.28434129955889,76.66666666666667;;;;;;
MORC0011AB,MORICHE AB-11,-74.53215966,6.2081681,MORICHE,75.15566666666668,105.0,psig,25.28434129955889,51.666666666666664;;;;;;
MORC0011AN,MORICHE AN-11,-74.55097213,6.21588829,MORICHE,18.915,67.0,psig,25.28434129955889,68.88888888888889;;;;;;
MORC0011AO,MORICHE AO-11,-74.54565455,6.21911922,MORICHE,42.07733333333333,100.0,psig,25.28434129955889,48.888888888888886;;;;;;
MORC0011AW,MORICHE AW-11,-74.54823176,6.20507064,MORICHE,44.231,280.0,psig,25.28434129955889,54.44444444444444;;;;;;
MORC0011AX,MORICHE AX-11,-74.54312537,6.20847749,MORICHE,5.171666666666667,66.0,psig,25.28434129955889,63.888888888888886;;;;;;
MORC0011BA,MORICHE BA-11,-74.53187617,6.21376235,MORICHE,1.345,80.0,psig,25.28434129955889,42.22222222222222;;;;;;
MORC0011BC,MORICHE BC-11,-74.52756459,6.1983041,MORICHE,36.62866666666666,103.0,psig,25.28434129955889,69.44444444444444;;;;;;
MORC0011BD,MORICHE BD-11,-74.52387511,6.19223929,MORICHE,77.916,105.0,psig,25.28434129955889,45.0;;;;;;
MORC0011CC,MORICHE CC-11,-74.52373188,6.2159937,MORICHE,14.16466666666667,187.0,psig,25.28434129955889,80.55555555555556;;;;;;
MORC0011CE,MORICHE CE-11,-74.52283048,6.21050801,MORICHE,86.155,180.0,psig,25.28434129955889,103.33333333333333;;;;;;
MORC0011CF,MORICHE CF-11,-74.51838133,6.20889372,MORICHE,48.78966666666667,170.0,psig,25.28434129955889,53.333333333333336;;;;;;
MORC0011G,MORICHE G-11,-74.54166154,6.18641374,MORICHE,95.51966666666667,99.0,psig,25.28434129955889,54.44444444444444;;;;;;
MORC0011K,MORICHE K-11,-74.544017,6.19242001,MORICHE,24.599,100.0,psig,25.28434129955889,44.44444444444444;;;;;;
MORC0011L,MORICHE L-11,-74.53775659,6.18571517,MORICHE,88.15633333333334,80.0,psig,25.28434129955889,50.0;;;;;;
MORC0011O,MORICHE O-11,-74.53932926,6.19469422,MORICHE,72.91233333333334,72.0,psig,25.28434129955889,71.11111111111111;;;;;;
MORC0011S,MORICHE SUR-11,-74.53277288,6.18139108,MORICHE,0.459,100.0,psig,25.28434129955889,43.333333333333336;;;;;;
MORC0011W,MORICHE W-11,-74.54227171,6.20142422,MORICHE,3.435666666666667,104.0,psig,25.28434129955889,102.77777777777777;;;;;;
MORC0012AN,MORICHE AN-12,-74.55100006,6.21569171,MORICHE,0.5526666666666666,80.0,psig,25.28434129955889,57.22222222222222;;;;;;
MORC0012AO,MORICHE AO-12,-74.54567932,6.21903216,MORICHE,77.66066666666667,100.0,psig,25.28434129955889,100.0;;;;;;
MORC0012AU,MORICHE AU-12,-74.54986997,6.21055804,MORICHE,22.88566666666667,100.0,psig,25.28434129955889,57.22222222222222;;;;;;
MORC0012AX,MORICHE AX-12,-74.54298725,6.20835645,MORICHE,29.96466666666667,260.0,psig,25.28434129955889,48.888888888888886;;;;;;
MORC0012AY,MORICHE AY-12,-74.54076345,6.20929073,MORICHE,22.91166666666667,180.0,psig,25.28434129955889,51.111111111111114;;;;;;
MORC0012BA,MORICHE BA-12,-74.5323178,6.21377553,MORICHE,10.04366666666667,100.0,psig,25.28434129955889,85.55555555555556;;;;;;
MORC0012BBST,MORICHE BB-12ST,-74.52372087,6.20518985,MORICHE,22.05033333333333,146.0,psig,25.28434129955889,63.888888888888886;;;;;;
MORC0012BC,MORICHE BC-12,-74.52746727,6.19777487,MORICHE,3.570666666666667,103.0,psig,25.28434129955889,38.888888888888886;;;;;;
MORC0012BF,MORICHE BF-12,-74.52952626,6.18778567,MORICHE,0.1423333333333333,79.0,psig,25.28434129955889,35.55555555555556;;;;;;
MORC0012CC,MORICHE CC-12,-74.52379803,6.21607616,MORICHE,63.61166666666666,188.0,psig,25.28434129955889,52.77777777777778;;;;;;
MORC0012CD,MORICHE CD-12,-74.51968152,6.21370383,MORICHE,8.305333333333333,186.0,psig,25.28434129955889,93.88888888888889;;;;;;
MORC0012CF,MORICHE CF-12,-74.51839331,6.20885076,MORICHE,111.614,167.0,psig,25.28434129955889,61.111111111111114;;;;;;
MORC0012E,MORICHE E-12,-74.53966316,6.1835874,MORICHE,9.845666666666666,300.0,psig,25.28434129955889,51.111111111111114;;;;;;
MORC0012G,MORICHE G-12,-74.54138877,6.18652447,MORICHE,10.737,97.0,psig,25.28434129955889,46.666666666666664;;;;;;
MORC0012K,MORICHE K-12,-74.54399671,6.19244303,MORICHE,110.7493333333333,105.0,psig,25.28434129955889,71.66666666666667;;;;;;
MORC0012O,MORICHE O-12,-74.53885408,6.19529641,MORICHE,8.242666666666667,70.0,psig,25.28434129955889,51.111111111111114;;;;;;
MORC0012S,MORICHE S-12,-74.5343484,6.20331662,MORICHE,81.11433333333333,120.0,psig,25.28434129955889,93.33333333333333;;;;;;
MORC0012W,MORICHE W-12,-74.54226381,6.20137965,MORICHE,8.190666666666667,104.0,psig,25.28434129955889,96.11111111111111;;;;;;
MORC0013AN,MORICHE AN-13,-74.5511247,6.21563445,MORICHE,15.28066666666667,80.0,psig,25.28434129955889,52.22222222222222;;;;;;
MORC0013AU,MORICHE AU-13,-74.5498857,6.21046986,MORICHE,20.759,100.0,psig,25.28434129955889,58.333333333333336;;;;;;
MORC0013AX,MORICHE AX-13,-74.5432119,6.20828988,MORICHE,6.413666666666667,300.0,psig,25.28434129955889,47.77777777777778;;;;;;
MORC0013AY,MORICHE AY-13,-74.54045505,6.20947636,MORICHE,85.23633333333333,60.0,psig,25.28434129955889,53.333333333333336;;;;;;
MORC0013BA,MORICHE BA-13,-74.53259936,6.21349498,MORICHE,95.98166666666665,80.0,psig,25.28434129955889,45.55555555555556;;;;;;
MORC0013BB,MORICHE BB-13,-74.52362673,6.20512713,MORICHE,73.42633333333333,147.0,psig,25.28434129955889,78.33333333333333;;;;;;
MORC0013BC,MORICHE BC-13,-74.52735339,6.19763264,MORICHE,1.285,99.0,psig,25.28434129955889,42.77777777777778;;;;;;
MORC0013CE,MORICHE CE-13,-74.52290771,6.2103384,MORICHE,68.13233333333334,180.0,psig,25.28434129955889,93.33333333333333;;;;;;
MORC0013E,MORICHE E-13,-74.5394937,6.19348866,MORICHE,38.20366666666666,90.0,psig,25.28434129955889,92.77777777777777;;;;;;
MORC0013G,MORICHE G-13,-74.54104662,6.18725476,MORICHE,80.03166666666667,98.0,psig,25.28434129955889,54.44444444444444;;;;;;
MORC0013K,MORICHE K-13,-74.54392407,6.19257516,MORICHE,0.7206666666666667,103.0,psig,25.28434129955889,47.22222222222222;;;;;;
MORC0013L,MORICHE L-13,-74.53791442,6.19464935,MORICHE,59.05966666666666,100.0,psig,25.28434129955889,65.55555555555556;;;;;;
MORC0013S,MORICHE S-13,-74.53441781,6.20376335,MORICHE,30.36033333333333,360.0,psig,25.28434129955889,50.0;;;;;;
MORC0014AN,MORICHE AN-14,-74.55064517,6.21683407,MORICHE,5.805000000000001,80.0,psig,25.28434129955889,55.55555555555556;;;;;;
MORC0014AU,MORICHE AU-14,-74.54990457,6.21036165,MORICHE,32.743,100.0,psig,25.28434129955889,95.55555555555556;;;;;;
MORC0014AX,MORICHE AX-14,-74.54302469,6.20839539,MORICHE,3.947,61.0,psig,25.28434129955889,73.88888888888889;;;;;;
MORC0014AY,MORICHE AY-14,-74.53984388,6.20958865,MORICHE,139.7283333333334,60.0,psig,25.28434129955889,78.88888888888889;;;;;;
MORC0014BBST,MORICHE BB-14ST,-74.52463438,6.20499416,MORICHE,76.87866666666667,146.0,psig,25.28434129955889,49.44444444444444;;;;;;
MORC0014BC,MORICHE BC-14,-74.52729668,6.19756225,MORICHE,94.46533333333333,101.0,psig,25.28434129955889,57.22222222222222;;;;;;
MORC0014BF,MORICHE BF-14,-74.52939535,6.18791011,MORICHE,0.2213333333333333,79.0,psig,25.28434129955889,37.77777777777778;;;;;;
MORC0014CE,MORICHE CE-14,-74.52294321,6.21025134,MORICHE,89.20333333333333,175.0,psig,25.28434129955889,61.666666666666664;;;;;;
MORC0014CF,MORICHE CF-14,-74.51812858,6.20849419,MORICHE,101.4973333333333,172.0,psig,25.28434129955889,60.0;;;;;;
MORC0014NST,MORICHE NORTE-14ST,-74.53206659,6.21321987,MORICHE,42.58866666666667,80.0,psig,25.28434129955889,105.55555555555556;;;;;;
MORC0014S,MORICHE S-14,-74.53440586,6.20321611,MORICHE,25.87366666666667,120.0,psig,25.28434129955889,51.666666666666664;;;;;;
MORC0015AN,MORICHE AN-15,-74.55073757,6.2164893,MORICHE,5.007666666666666,80.0,psig,25.28434129955889,47.22222222222222;;;;;;
MORC0015AU,MORICHE AU-15,-74.54992075,6.21027121,MORICHE,49.344,300.0,psig,25.28434129955889,50.0;;;;;;
MORC0015AX,MORICHE AX-15,-74.54327681,6.20822707,MORICHE,98.80799999999999,65.0,psig,25.28434129955889,103.33333333333333;;;;;;
MORC0015AY,MORICHE AY-15,-74.53974304,6.20958169,MORICHE,109.156,60.0,psig,25.28434129955889,61.111111111111114;;;;;;
MORC0015BA,MORICHE BA-15,-74.53117709,6.21365684,MORICHE,10.911,80.0,psig,25.28434129955889,110.0;;;;;;
MORC0015BB,MORICHE BB-15,-74.52335146,6.20557367,MORICHE,60.22066666666667,144.0,psig,25.28434129955889,70.0;;;;;;
MORC0015BC,MORICHE BC-15,-74.52714889,6.19749247,MORICHE,1.462,99.0,psig,25.28434129955889,84.44444444444444;;;;;;
MORC0015CE,MORICHE CE-15,-74.52301344,6.21001773,MORICHE,2.394666666666667,172.0,psig,25.28434129955889,65.55555555555556;;;;;;
MORC0015CF,MORICHE CF-15,-74.51762731,6.208523,MORICHE,25.47033333333333,170.0,psig,25.28434129955889,92.22222222222223;;;;;;
MORC0015N,MORICHE NORTE-15,-74.52312935,6.21065809,MORICHE,10.48266666666667,176.0,psig,25.28434129955889,65.55555555555556;;;;;;
MORC0016AU,MORICHE AU-16,-74.55092882,6.21095754,MORICHE,56.57833333333333,100.0,psig,25.28434129955889,52.22222222222222;;;;;;
MORC0016AX,MORICHE AX-16,-74.54285072,6.20733089,MORICHE,62.006,64.0,psig,25.28434129955889,55.0;;;;;;
MORC0016BB,MORICHE BB-16,-74.52338537,6.20550302,MORICHE,72.01366666666667,144.0,psig,25.28434129955889,51.111111111111114;;;;;;
MORC0016BC,MORICHE BC-16,-74.52718335,6.19742218,MORICHE,132.2066666666666,102.0,psig,25.28434129955889,92.77777777777777;;;;;;
MORC0016CE,MORICHE CE-16,-74.52295711,6.2100884,MORICHE,67.358,174.0,psig,25.28434129955889,100.55555555555556;;;;;;
MORC0017AU,MORICHE AU-17,-74.55084088,6.21093374,MORICHE,78.74266666666668,500.0,psig,25.28434129955889,67.77777777777777;;;;;;
MORC0017BC,MORICHE BC-17,-74.52689646,6.19758932,MORICHE,22.49333333333333,99.0,psig,25.28434129955889,104.44444444444444;;;;;;
MORC0017N,MORICHE NORTE-17,-74.52498808,6.22229177,MORICHE,21.60833333333333,180.0,psig,25.28434129955889,50.55555555555556;;;;;;
MORC0018BB,MORICHE BB-18,-74.52390797,6.20569527,MORICHE,101.0166666666667,148.0,psig,25.28434129955889,77.77777777777777;;;;;;
MORC0018BC,MORICHE BC-18,-74.52716944,6.19730733,MORICHE,44.99,99.0,psig,25.28434129955889,45.0;;;;;;
MORC0018CE,MORICHE CE-18,-74.52256938,6.21120788,MORICHE,39.59,174.0,psig,25.28434129955889,98.88888888888889;;;;;;
MORC0019BA,MORICHE BA-19,-74.53281491,6.21378548,MORICHE,36.144,100.0,psig,25.28434129955889,49.44444444444444;;;;;;
MORC0019CE,MORICHE CE-19,-74.52224777,6.21127416,MORICHE,103.719,174.0,psig,25.28434129955889,50.55555555555556;;;;;;
MORC0019N,MORICHE NORTE-19,-74.54500902,6.22481872,MORICHE,9.063666666666668,40.0,psig,25.28434129955889,41.666666666666664;;;;;;
MORC001AXST,MORICHE AX-01ST,-74.54341605,6.20791589,MORICHE,0.9886666666666667,50.0,psig,25.28434129955889,38.333333333333336;;;;;;
MORC007M,MORICHE M-07,-74.54279687,6.19574088,MORICHE,40.93166666666666,220.0,psig,25.28434129955889,45.0;;;;;;
MORI0001AZ,MORICHE AZ-01,-74.53327032,6.20850434,MORICHE,18.06166666666667,104.0,psig,25.28434129955889,78.88888888888889;;;;;;
MORI0005M,MORICHE M-05,-74.5429696,6.19581208,MORICHE,0.9986666666666667,70.0,psig,25.28434129955889,46.666666666666664;;;;;;
MORI0005Q,MORICHE Q-05,-74.54663046,6.19563671,MORICHE,18.99566666666667,80.0,psig,25.28434129955889,87.77777777777777;;;;;;
MORI0006BG,MORICHE BG-06,-74.5329886,6.18970684,MORICHE,16.01433333333333,60.0,psig,25.28434129955889,43.333333333333336;;;;;;
MORI0006Q,MORICHE Q-06,-74.54661212,6.19502565,MORICHE,14.08566666666667,360.0,psig,25.28434129955889,49.44444444444444;;;;;;
MORI0007R,MORICHE R-07,-74.54022359,6.19822551,MORICHE,87.55866666666667,92.0,psig,25.28434129955889,110.0;;;;;;
MORI0011E,MORICHE E-11,-74.53974754,6.1936391,MORICHE,18.168,260.0,psig,25.28434129955889,50.0;;;;;;
MORI0011N,MORICHE N-11,-74.53465416,6.21077577,MORICHE,115.6883333333333,99.0,psig,25.28434129955889,62.22222222222222;;;;;;
MORI0012L,MORICHE L-12,-74.5378297,6.19468324,MORICHE,3.123666666666666,79.0,psig,25.28434129955889,41.666666666666664;;;;;;
MORI0017BB,MORICHE BB-17,-74.52414199,6.20537715,MORICHE,142.5343333333333,145.0,psig,25.28434129955889,75.0;;;;;;
MORI0019BB,MORICHE BB-19,-74.52385168,6.20559721,MORICHE,47.3,145.0,psig,25.28434129955889,93.33333333333333;;;;;;
MORI0020BB,MORICHE BB-20,-74.52379513,6.20549933,MORICHE,43.94966666666667,146.0,psig,25.28434129955889,107.22222222222223;;;;;;
MORS0008,MORICHE S-08,-74.53440418,6.20367375,MORICHE,43.78566666666666,123.0,psig,25.28434129955889,53.888888888888886;;;;;;
MORS0010,MORICHE S-10,-74.53437611,6.20349546,MORICHE,15.96933333333333,120.0,psig,25.28434129955889,87.77777777777777;;;;;;
MORS0011,MORICHE S-11,-74.53436212,6.20340577,MORICHE,56.30033333333333,120.0,psig,25.28434129955889,65.55555555555556;;;;;;
NARE0007,NARE-7,-74.5842137,6.07474811,NARE,22.46258065,80.0,psig,25.28434129955889,35.0;;;;;;
NARE0009,NARE-9,-74.58294012,6.07607174,NARE,58.84258065,60.0,psig,25.28434129955889,87.77777777777777;;;;;;
NARE0010,NARE-10,-74.58551115,6.07602073,NARE,19.40322581,60.0,psig,25.28434129955889,45.55555555555556;;;;;;
NARE0012,NARE-12,-74.59310518,6.07594008,NARE,37.72193548,60.0,psig,25.28434129955889,35.0;;;;;;
NARE0016,NARE-16,-74.59071976,6.07583949,NARE,62.3316129,60.0,psig,25.28434129955889,51.111111111111114;;;;;;
NARE0022,NARE-22,-74.58689503,6.0773317,NARE,8.94290323,80.0,psig,25.28434129955889,37.22222222222222;;;;;;
NARE0028,NARE-28,-74.58045842,6.07869521,NARE,73.84,60.0,psig,25.28434129955889,41.111111111111114;;;;;;
NARE0030,NARE-30,-74.58561409,6.07862822,NARE,10.27419355,60.0,psig,25.28434129955889,35.55555555555556;;;;;;
NARE0033,NARE-33,-74.596711,6.081175,NARE UNIFICADO,32.45875,60.0,psig,25.28434129955889,37.22222222222222;;;;;;
NARE0036,NARE-36,-74.5852,6.08265,NARE UNIFICADO,2.65645161,80.0,psig,25.28434129955889,44.44444444444444;;;;;;
NARE0041,NARE-41,-74.59202821,6.07976035,NARE,69.39032258,60.0,psig,25.28434129955889,42.77777777777778;;;;;;
NARE0042,NARE-42,-74.59328953,6.08099229,NARE,6.85709677,60.0,psig,25.28434129955889,35.55555555555556;;;;;;
NARE0047,NARE-47,-74.59714061,6.08225566,NARE,3.34806452,100.0,psig,25.28434129955889,37.22222222222222;;;;;;
NARE0048,NARE-48,-74.59458361,6.08224229,NARE,1.27903226,80.0,psig,25.28434129955889,41.666666666666664;;;;;;
NARE0049,NARE-49,-74.5920487,6.08231253,NARE,23.35516129,100.0,psig,25.28434129955889,43.333333333333336;;;;;;
NARE0050,NARE-50,-74.5933908,6.08358734,NARE,57.2755,60.0,psig,25.28434129955889,48.888888888888886;;;;;;
NARE0052,NARE-52,-74.59822028,6.08362227,NARE,8.09,60.0,psig,25.28434129955889,37.77777777777778;;;;;;
NARE0122,NARE-122,-74.58556146,6.07728548,NARE,3.11741935,70.0,psig,25.28434129955889,36.666666666666664;;;;;;
OCEL0001,OCELOTE-1,-71.59469961,4.27367815,OCELOTE,1090.984,104.0,psig,26.43734638856859,76.11111111111111;;;;;;
OCEL0009,OCELOTE-9,-71.56105592,4.29196931,OCELOTE,1289.283,138.0,psig,26.39223958367833,73.88888888888889;;;;;;
OCEL0010SW,OCELOTE-SW10,-71.64727337,4.23590344,OCELOTE,2625.703333333333,182.0,psig,25.92292359442612,80.0;;;;;;
OCEL0011STS,OCELOTE-11ST2,-71.56095313,4.29209884,OCELOTE,4762.781,148.0,psig,26.39223958367833,80.55555555555556;;;;;;
OCEL0014,OCELOTE-14,-71.55438603,4.28719682,OCELOTE,600.8966666666668,152.0,psig,26.39223958367833,72.22222222222223;;;;;;
OCEL0022SW,OCELOTE-SW22,-71.66581688,4.22786719,OCELOTE,2562.726,180.0,psig,25.92292359442612,77.5;;;;;;
OCEL0033SWH,OCELOTE-SW33H,-71.65420578,4.23221331,OCELOTE,2507.885333333333,199.0,psig,25.92292359442612,80.0;;;;;;
OCEL0036SWHST,OCELOTE-SW36HST,-71.65476356,4.23218642,OCELOTE,222.8766666666667,207.0,psig,25.92292359442612,65.55555555555556;;;;;;
OCEL0037SWH,OCELOTE-SW37H,-71.63296956,4.24278813,OCELOTE,4135.603,183.0,psig,25.92292359442612,79.38888888888889;;;;;;
OCEL0039SWH,OCELOTE-SW39H,-71.66605206,4.22713236,OCELOTE,696.1706666666666,199.0,psig,25.92292359442612,71.5;;;;;;
OCEL0043SWH,OCELOTE-SW43H,-71.63299584,4.24289962,OCELOTE,4544.035333333333,167.0,psig,25.92292359442612,77.22222222222223;;;;;;
OCEL0044SWH,OCELOTE-SW44H,-71.64743505,4.23600333,OCELOTE,3997.078333333333,195.0,psig,25.92292359442612,79.44444444444444;;;;;;
OCEL0051,OCELOTE-51,-71.56062527,4.29190859,OCELOTE,2020.182666666667,138.0,psig,26.39223958367833,77.22222222222223;;;;;;
OCEL0073,OCELOTE-73,-71.56067202,4.29215702,OCELOTE,327.7796666666666,134.0,psig,26.39223958367833,63.166666666666664;;;;;;
OCEL0075,OCELOTE-75,-71.62400143,4.25703304,OCELOTE,2392.350333333333,111.0,psig,26.43734638856859,79.44444444444444;;;;;;
OCEL0080H,OCELOTE-80H,-71.50472517,4.35902802,OCELOTE,0.906,180.0,psig,26.39223958367833,57.22222222222222;;;;;;
OCEL0081,OCELOTE-81,-71.52327628,4.34119593,OCELOTE,331.5666666666667,185.0,psig,26.39223958367833,73.33333333333333;;;;;;
OCEL0082,OCELOTE-82,-71.5232244,4.34083402,OCELOTE,2172.433666666667,181.0,psig,26.39223958367833,76.66666666666667;;;;;;
OCEL0083,OCELOTE-83,-71.52331639,4.34077706,OCELOTE,760.9756666666667,184.0,psig,26.39223958367833,75.38888888888889;;;;;;
OCEL0089,OCELOTE-89,-71.58147609,4.28738974,OCELOTE,170.804,112.0,psig,26.43734638856859,53.833333333333336;;;;;;
OCEL0093,OCELOTE-93,-71.59568941,4.27512581,OCELOTE,1095.342333333333,77.0,psig,26.43734638856859,77.16666666666667;;;;;;
OCEL0094,OCELOTE-94,-71.59607258,4.27519229,OCELOTE,48.35633333333333,185.0,psig,26.43734638856859,55.55555555555556;;;;;;
OCEL0095H,OCELOTE-95H,-71.63319117,4.24311681,OCELOTE,6229.622666666666,170.0,psig,25.92292359442612,78.88888888888889;;;;;;
OCEL0098H,OCELOTE-98H,-71.52304123,4.34134763,OCELOTE,1865.234666666667,187.0,psig,26.39223958367833,73.88888888888889;;;;;;
OCEL0103,OCELOTE-103,-71.60690998,4.27154196,OCELOTE,2528.244333333334,62.0,psig,26.43734638856859,78.33333333333333;;;;;;
OCEL0106,OCELOTE-106,-71.62433042,4.25690038,OCELOTE,2113.264,140.0,psig,26.43734638856859,77.77777777777777;;;;;;
OCEL0108H,OCELOTE-108H,-71.60742748,4.27153686,OCELOTE,139.6106666666666,136.0,psig,26.43734638856859,58.888888888888886;;;;;;
OCEL0109H,OCELOTE-109H,-71.50501622,4.35879277,OCELOTE,2899.239666666667,230.0,psig,26.39223958367833,76.66666666666667;;;;;;
OCEL0119H,OCELOTE-119H,-71.54352507,4.32247171,OCELOTE,26.23266666666667,176.0,psig,26.39223958367833,38.333333333333336;;;;;;
OCEL0122H,OCELOTE-122H,-71.61624541,4.26590977,OCELOTE,3284.972333333333,87.0,psig,26.43734638856859,78.33333333333333;;;;;;
OCEL0123H,OCELOTE-123H,-71.60963656,4.26181129,OCELOTE,3800.178333333334,90.0,psig,26.43734638856859,78.05555555555556;;;;;;
OCEL0125HST,OCELOTE-125HST,-71.61510237,4.26647494,OCELOTE,4048.924,72.0,psig,26.43734638856859,78.88888888888889;;;;;;
OCEL0129H,OCELOTE-129H,-71.60708868,4.2721139,OCELOTE,448.7976666666667,120.0,psig,26.43734638856859,63.333333333333336;;;;;;
OCEL0132H,OCELOTE-132H,-71.59601172,4.2756469,OCELOTE,563.6893333333334,79.0,psig,26.43734638856859,72.22222222222223;;;;;;
OCEL0133H,OCELOTE-133H,-71.59607637,4.27513213,OCELOTE,2036.477333333333,82.0,psig,26.43734638856859,75.83333333333333;;;;;;
OCEL0141H,OCELOTE-141H,-71.52283401,4.34114899,OCELOTE,5356.721,207.0,psig,26.39223958367833,78.94444444444444;;;;;;
OCLT0030SWH,OCELOTE-SW30H,-71.66781873,4.2239403,OCELOTE,7019.566666666667,187.0,psig,25.92292359442612,78.33333333333333;;;;;;
OPAL0001,OPAL0001,-71.49198441,4.05496712,CAJUA,1157.13,224.0,psig,25.85860577685652,63.888888888888886;;;;;;
OPAL0003,OPAL0003,-71.48034614,4.06702508,CAJUA,805.6966666666667,188.0,psig,25.85860577685652,54.44444444444444;;;;;;
OPAL0004,OPAL0004,-71.46639058,4.07117555,CAJUA,1123.143333333333,120.0,psig,25.85860577685652,55.55555555555556;;;;;;
OPAL0009H,OPAL0009H,-71.49192134,4.05499627,CAJUA,2415.313333333333,225.0,psig,25.85860577685652,63.333333333333336;;;;;;
OPAL0010H,OPAL0010H,-71.46644354,4.07114072,CAJUA,1271.163333333333,230.0,psig,25.85860577685652,64.44444444444444;;;;;;
OPAL0020H,OPAL0020H,-71.47788964,4.08234857,CAJUA,415.6233333333333,188.0,psig,25.85860577685652,56.666666666666664;;;;;;
OPAL0029H1,OPALO-29H1,-71.47816376,4.0822965,CAJUA,3183.5,182.0,psig,25.85860577685652,68.33333333333333;;;;;;
OPAL0033H,OPAL0033H,-71.47781834,4.08236223,CAJUA,1549.053333333333,154.0,psig,25.85860577685652,53.333333333333336;;;;;;
OPON0003ST1,OPON-3 ST 1,-73.865478,6.421998,OPON,217.3,2553.33,psig,23.58030478921798,26.666666666666668;;;;;;
ORIT0002,ORIT0002,-76.87572639,0.67270488,ORITO,123.524,450.0,psig,22.61042751860522,32.22222222222222;;;;;;
ORIT0005,ORIT0005,-76.88414805,0.70896938,ORITO,71.17466666666665,350.0,psig,22.61042751860522,40.55555555555556;;;;;;
ORIT0008,ORIT0008,-76.87918374,0.66470434,ORITO,663.9236666666667,65.0,psig,22.61042751860522,23.88888888888889;;;;;;
ORIT0016,ORIT0016,-76.86446853,0.65859688,ORITO,31.39166666666667,430.0,psig,22.61042751860522,26.666666666666668;;;;;;
ORIT0020,ORIT0020,-76.86424499,0.64884484,ORITO,392.5423333333334,300.0,psig,22.61042751860522,32.22222222222222;;;;;;
ORIT0021,ORIT0021,-76.90607952,0.70342009,ORITO,1811.590666666667,110.0,psig,22.61042751860522,60.0;;;;;;
ORIT0035,ORIT0035,-76.89355556,0.70325835,ORITO,1528.973333333333,340.0,psig,22.61042751860522,82.22222222222223;;;;;;
ORIT0036,ORIT0036,-76.89985686,0.70340977,ORITO,77.47,500.0,psig,22.61042751860522,26.666666666666668;;;;;;
ORIT0044,ORIT0044,-76.86079732,0.69190849,ORITO,12.36,510.0,psig,22.61042751860522,37.77777777777778;;;;;;
ORIT0072,ORIT0072,-76.87790626,0.64764604,ORITO,1323.493333333333,125.0,psig,22.61042751860522,66.11111111111111;;;;;;
ORIT0105,ORIT0105,-76.86962011,0.64935842,ORITO,406.2196666666667,64.0,psig,22.61042751860522,48.888888888888886;;;;;;
ORIT0117,ORIT0117,-76.883129,0.642608,ORITO,973.2886666666667,100.0,psig,22.61042751860522,32.22222222222222;;;;;;
ORIT0121,ORIT0121,-76.88836861,0.68614476,ORITO,190.6893333333333,380.0,psig,22.61042751860522,48.888888888888886;;;;;;
ORIT0122,ORIT0122,-76.881158,0.675235,ORITO,869.258,110.0,psig,22.61042751860522,48.888888888888886;;;;;;
ORIT0128,ORIT0128,-76.866619,0.652627,ORITO,326.1613333333333,350.0,psig,22.61042751860522,37.77777777777778;;;;;;
ORIT0148,ORITO-148,-76.87428406,0.65633941,ORITO,92.35300000000001,280.0,psig,22.61042751860522,37.77777777777778;;;;;;
ORIT0167,ORIT0167,-76.88096069,0.67562865,ORITO,713.4916666666667,210.0,psig,22.61042751860522,47.77777777777778;;;;;;
ORIT0168,ORIT0168,-76.88535474,0.68309179,ORITO,397.598,145.0,psig,22.61042751860522,42.77777777777778;;;;;;
ORIT0171,ORIT0171,-76.872945,0.675008,ORITO,433.3183333333333,140.0,psig,22.61042751860522,42.77777777777778;;;;;;
ORIT0193,ORIT0193,-76.86389993,0.67860117,ORITO,231.41,300.0,psig,22.61042751860522,37.77777777777778;;;;;;
ORIT0195,ORIT0195,-76.87397406,0.65159526,ORITO,2162.518666666666,102.0,psig,22.61042751860522,53.333333333333336;;;;;;
ORIT0197,ORITO197,-76.86428029,0.6788104,ORITO,532.938,410.0,psig,22.61042751860522,48.888888888888886;;;;;;
PALA0007,PALA0007,-74.5032833,6.06128135,PALAGUA,2.490666666666667,110.0,psig,25.28434129955889,32.22222222222222;;;;;;
PALA0011,PALA0011,-74.50672474,6.07321578,PALAGUA,51.72566666666667,85.0,psig,25.28434129955889,32.22222222222222;;;;;;
PALA0012,PALA0012,-74.51459141,6.08279331,PALAGUA,229.1846666666667,60.0,psig,25.28434129955889,32.22222222222222;;;;;;
PALA0018,PALA0018,-74.51078359,6.0669744,PALAGUA,170.76,95.0,psig,25.28434129955889,32.22222222222222;;;;;;
PALA0019,PALA0019,-74.51228353,6.0787713,PALAGUA,142.5796666666667,80.0,psig,25.28434129955889,32.22222222222222;;;;;;
PALA0020,PALA0020,-74.51621959,6.08546064,PALAGUA,323.356,60.0,psig,25.28434129955889,32.22222222222222;;;;;;
PALA0022,PALA0022,-74.51074444,6.07520191,PALAGUA,100.8543333333333,80.0,psig,25.28434129955889,32.22222222222222;;;;;;
PALA0023,PALA0023,-74.50745218,6.08207678,PALAGUA,106.761,90.0,psig,25.28434129955889,32.22222222222222;;;;;;
PALA0027,PALA0027,-74.50912733,6.08564607,PALAGUA,312.8573333333333,70.0,psig,25.28434129955889,32.22222222222222;;;;;;
PALA0028,PALA0028,-74.51044174,6.0892179,PALAGUA,72.898,85.0,psig,25.28434129955889,32.22222222222222;;;;;;
PALA0029,PALA0029,-74.51590855,6.09179171,PALAGUA,3.331333333333333,105.0,psig,25.28434129955889,32.22222222222222;;;;;;
PALA0030,PALA0030,-74.51301644,6.09219983,PALAGUA,343.8326666666666,100.0,psig,25.28434129955889,32.22222222222222;;;;;;
PALA0039,PALA0039,-74.51470867,6.08257733,PALAGUA,120.3823333333333,60.0,psig,25.28434129955889,32.22222222222222;;;;;;
PALA0040,PALA0040,-74.51620273,6.1057213,PALAGUA,27.53533333333333,150.0,psig,25.28434129955889,32.22222222222222;;;;;;
PALA0046,PALA0046,-74.51443026,6.10831904,PALAGUA,27.97033333333333,150.0,psig,25.28434129955889,32.22222222222222;;;;;;
PALA0061,PALA0061,-74.50509719,6.07195226,PALAGUA,276.0073333333333,110.0,psig,25.28434129955889,32.22222222222222;;;;;;
PALA0088,PALA0088,-74.50342219,6.07926778,PALAGUA,2.788666666666666,70.0,psig,25.28434129955889,32.22222222222222;;;;;;
PALA0093,PALA0093,-74.52042529,6.10206358,PALAGUA,49.185,245.0,psig,25.28434129955889,32.22222222222222;;;;;;
PALA0096,PALA0096,-74.51324952,6.10047458,PALAGUA,3.985333333333334,140.0,psig,25.28434129955889,32.22222222222222;;;;;;
PALA0104,PALA0104,-74.51045265,6.09437998,PALAGUA,17.555,120.0,psig,25.28434129955889,32.22222222222222;;;;;;
PALA0106,PALA0106,-74.50765683,6.07388757,PALAGUA,260.6623333333333,70.0,psig,25.28434129955889,32.22222222222222;;;;;;
PALA0107,PALA0107,-74.51416549,6.08042681,PALAGUA,128.65,80.0,psig,25.28434129955889,32.22222222222222;;;;;;
PALA0111,PALA0111,-74.50908393,6.07227462,PALAGUA,268.6613333333333,90.0,psig,25.28434129955889,32.22222222222222;;;;;;
PALA0112,PALA0112,-74.51258066,6.08388455,PALAGUA,364.7203333333334,60.0,psig,25.28434129955889,32.22222222222222;;;;;;
PALA0113,PALA0113,-74.5211117,6.12244458,PALAGUA,83.59566666666666,190.0,psig,25.28434129955889,32.22222222222222;;;;;;
PALA0117,PALA0117,-74.50882831,6.0724455,PALAGUA,329.4653333333333,125.0,psig,25.28434129955889,32.22222222222222;;;;;;
PALA0119,PALA0119,-74.51526729,6.08636904,PALAGUA,199.8063333333333,75.0,psig,25.28434129955889,32.22222222222222;;;;;;
PALA0125,PALA0125,-74.51712485,6.08781884,PALAGUA,113.2483333333333,140.0,psig,25.28434129955889,32.22222222222222;;;;;;
PALA0148,PALA0148,-74.52276156,6.12110155,PALAGUA,162.7486666666667,200.0,psig,25.28434129955889,32.22222222222222;;;;;;
PALA0151,PALA0151,-74.50843432,6.07397059,PALAGUA,59.92833333333333,105.0,psig,25.28434129955889,32.22222222222222;;;;;;
PALA0153,PALA0153,-74.5130495,6.08067298,PALAGUA,80.97633333333333,75.0,psig,25.28434129955889,32.22222222222222;;;;;;
PALA0156,PALA0156,-74.52448805,6.12160423,PALAGUA,33.10633333333333,200.0,psig,25.28434129955889,32.22222222222222;;;;;;
PALA0162,PALA0162,-74.52049216,6.10649656,PALAGUA,98.02766666666666,70.0,psig,25.28434129955889,32.22222222222222;;;;;;
PALA0169,PALA0169,-74.51157811,6.07987391,PALAGUA,506.333,80.0,psig,25.28434129955889,32.22222222222222;;;;;;
PALA0174,PALA0174,-74.51725246,6.08713942,PALAGUA,70.60366666666667,90.0,psig,25.28434129955889,32.22222222222222;;;;;;
PALA0175,PALA0175,-74.5155219,6.07866357,PALAGUA,288.0786666666667,80.0,psig,25.28434129955889,32.22222222222222;;;;;;
PALA0176,PALA0176,-74.51311148,6.07490048,PALAGUA,234.8096666666667,90.0,psig,25.28434129955889,32.22222222222222;;;;;;
PALA0177,PALA0177,-74.50902865,6.0723357,PALAGUA,27.74266666666666,85.0,psig,25.28434129955889,32.22222222222222;;;;;;
PALA0180,PALA0180,-74.50514642,6.07638301,PALAGUA,3.853,80.0,psig,25.28434129955889,32.22222222222222;;;;;;
PALA0183,PALA0183,-74.50826953,6.07263358,PALAGUA,267.6523333333333,90.0,psig,25.28434129955889,32.22222222222222;;;;;;
PALA0184,PALA0184,-74.51696971,6.0872719,PALAGUA,79.941,105.0,psig,25.28434129955889,32.22222222222222;;;;;;
PALA0185,PALA0185,-74.50816111,6.09034664,PALAGUA,151.131,95.0,psig,25.28434129955889,32.22222222222222;;;;;;
PALA0188,PALA0188,-74.51638036,6.08390521,PALAGUA,29.61566666666667,85.0,psig,25.28434129955889,32.22222222222222;;;;;;
PALA0189,PALA0189,-74.51986665,6.10383522,PALAGUA,221.8786666666666,230.0,psig,25.28434129955889,32.22222222222222;;;;;;
PALA0190,PALA0190,-74.51951397,6.1240351,PALAGUA,89.943,350.0,psig,25.28434129955889,32.22222222222222;;;;;;
PALA0192,PALA0192,-74.51690872,6.10461529,PALAGUA,33.43333333333333,120.0,psig,25.28434129955889,32.22222222222222;;;;;;
PALA0197,PALA0197,-74.50769883,6.08155872,PALAGUA,185.397,100.0,psig,25.28434129955889,32.22222222222222;;;;;;
PALA0198,PALA0198,-74.5118715,6.0778007,PALAGUA,34.337,100.0,psig,25.28434129955889,32.22222222222222;;;;;;
PALA0199,PALA0199,-74.51313658,6.07493143,PALAGUA,25.71166666666667,85.0,psig,25.28434129955889,32.22222222222222;;;;;;
PALA0200,PALA0200,-74.5128265,6.08363048,PALAGUA,12.70966666666667,300.0,psig,25.28434129955889,32.22222222222222;;;;;;
PALA0202,PALA0202,-74.50746119,6.06952317,PALAGUA,327.8459999999999,95.0,psig,25.28434129955889,32.22222222222222;;;;;;
PALA0203,PALA0203,-74.50829557,6.07257975,PALAGUA,104.6906666666667,80.0,psig,25.28434129955889,32.22222222222222;;;;;;
PALA0205,PALA0205,-74.5131373,6.07470898,PALAGUA,122.2856666666667,85.0,psig,25.28434129955889,32.22222222222222;;;;;;
PALA0206,PALA0206,-74.51678626,6.08191103,PALAGUA,10.16333333333333,70.0,psig,25.28434129955889,32.22222222222222;;;;;;
PALA0208,PALA0208,-74.51754197,6.08698682,PALAGUA,38.34266666666667,100.0,psig,25.28434129955889,32.22222222222222;;;;;;
PALA0209,PALA0209,-74.51760078,6.087098,PALAGUA,2.414,100.0,psig,25.28434129955889,32.22222222222222;;;;;;
PALA0210,PALA0210,-74.51642027,6.09397481,PALAGUA,6.04,130.0,psig,25.28434129955889,32.22222222222222;;;;;;
PALA0211,PALA0211,-74.51312826,6.07470266,PALAGUA,34.477,90.0,psig,25.28434129955889,32.22222222222222;;;;;;
PALA0212,PALA0212,-74.51636863,6.09379762,PALAGUA,5.196666666666667,290.0,psig,25.28434129955889,32.22222222222222;;;;;;
PALA0213,PALA0213,-74.51636685,6.10272248,PALAGUA,3.513333333333334,130.0,psig,25.28434129955889,32.22222222222222;;;;;;
PALA0214,PALA0214,-74.51621496,6.09368019,PALAGUA,11.32333333333333,155.0,psig,25.28434129955889,32.22222222222222;;;;;;
PALA0215,PALA0215,-74.51284816,6.0746215,PALAGUA,7.232,90.0,psig,25.28434129955889,32.22222222222222;;;;;;
PALA0216,PALA0216,-74.51290242,6.0746938,PALAGUA,73.92933333333333,85.0,psig,25.28434129955889,32.22222222222222;;;;;;
PALA0217,PALA0217,-74.51800173,6.08026884,PALAGUA,23.74533333333333,60.0,psig,25.28434129955889,32.22222222222222;;;;;;
PALA0218,PALA0218,-74.51931635,6.08613629,PALAGUA,8.341,100.0,psig,25.28434129955889,32.22222222222222;;;;;;
PALA0219,PALA0219,-74.51100246,6.09353973,PALAGUA,101.5153333333333,100.0,psig,25.28434129955889,32.22222222222222;;;;;;
PALA0221,PALA0221,-74.51506576,6.0801175,PALAGUA,120.7276666666667,75.0,psig,25.28434129955889,32.22222222222222;;;;;;
PALA0222,PALA0222,-74.51113552,6.09049233,PALAGUA,232.6323333333333,100.0,psig,25.28434129955889,32.22222222222222;;;;;;
PALA0223,PALA0223,-74.51523595,6.07833601,PALAGUA,56.096,80.0,psig,25.28434129955889,32.22222222222222;;;;;;
PALA0224,PALA0224,-74.51053268,6.09349489,PALAGUA,217.0796666666667,130.0,psig,25.28434129955889,32.22222222222222;;;;;;
PALA0225,PALA0225,-74.50915287,6.08510463,PALAGUA,5.245,70.0,psig,25.28434129955889,32.22222222222222;;;;;;
PALA0226,PALA0226,-74.51068649,6.11277998,PALAGUA,120.4693333333333,190.0,psig,25.28434129955889,32.22222222222222;;;;;;
PALA0227,PALA0227,-74.51057154,6.1088568,PALAGUA,45.28666666666666,200.0,psig,25.28434129955889,32.22222222222222;;;;;;
PALA0228,PALA0228,-74.51041533,6.0936035,PALAGUA,72.729,115.0,psig,25.28434129955889,32.22222222222222;;;;;;
PALA0229,PALA0229,-74.50669315,6.09318148,PALAGUA,226.576,110.0,psig,25.28434129955889,32.22222222222222;;;;;;
PALA0230,PALA0230,-74.51447396,6.10812866,PALAGUA,13.492,300.0,psig,25.28434129955889,32.22222222222222;;;;;;
PALA0231,PALA0231,-74.50801188,6.09012861,PALAGUA,238.431,90.0,psig,25.28434129955889,32.22222222222222;;;;;;
PALA0232,PALA0232,-74.51017109,6.10129888,PALAGUA,29.80666666666667,200.0,psig,25.28434129955889,32.22222222222222;;;;;;
PALA0233,PALA0233,-74.50698876,6.09642747,PALAGUA,2.513333333333334,140.0,psig,25.28434129955889,32.22222222222222;;;;;;
PALA0234,PALA0234,-74.50402352,6.06654822,PALAGUA,0.369,210.0,psig,25.28434129955889,32.22222222222222;;;;;;
PALA0235,PALA0235,-74.52348464,6.11403771,PALAGUA,22.77366666666667,130.0,psig,25.28434129955889,32.22222222222222;;;;;;
PALA0236,PALA0236,-74.50740881,6.08149697,PALAGUA,24.73666666666667,85.0,psig,25.28434129955889,32.22222222222222;;;;;;
PALA0237,PALA0237,-74.50673319,6.09311815,PALAGUA,0.7216666666666666,100.0,psig,25.28434129955889,32.22222222222222;;;;;;
PALA0238,PALA0238,-74.50707513,6.09652515,PALAGUA,97.12533333333334,160.0,psig,25.28434129955889,32.22222222222222;;;;;;
PALA0241,PALA0241,-74.50660602,6.09301625,PALAGUA,90.289,110.0,psig,25.28434129955889,32.22222222222222;;;;;;
PALA0242,PALA0242,-74.51065296,6.10874293,PALAGUA,17.82266666666667,380.0,psig,25.28434129955889,32.22222222222222;;;;;;
PALA0243,PALA0243,-74.50734096,6.09880994,PALAGUA,7.009666666666666,150.0,psig,25.28434129955889,32.22222222222222;;;;;;
PALA0244,PALA0244,-74.51061452,6.10136942,PALAGUA,24.65833333333333,225.0,psig,25.28434129955889,32.22222222222222;;;;;;
PALA0245,PALA0245,-74.51054086,6.10886084,PALAGUA,5.574333333333333,170.0,psig,25.28434129955889,32.22222222222222;;;;;;
PALA0246,PALA0246,-74.51437547,6.10812496,PALAGUA,88.528,150.0,psig,25.28434129955889,32.22222222222222;;;;;;
PALA0247,PALA0247,-74.51115322,6.09037265,PALAGUA,0.09933333333333333,100.0,psig,25.28434129955889,32.22222222222222;;;;;;
PALA0248T,PALA0248T,-74.5114351,6.09029442,PALAGUA,129.2026666666667,90.0,psig,25.28434129955889,32.22222222222222;;;;;;
PALA0249,PALA0249,-74.52363445,6.1138781,PALAGUA,4.070666666666667,160.0,psig,25.28434129955889,32.22222222222222;;;;;;
PALA0251,PALA0251,-74.5145076,6.10838969,PALAGUA,17.021,140.0,psig,25.28434129955889,32.22222222222222;;;;;;
PALA0252,PALA0252,-74.5072501,6.09877558,PALAGUA,76.47366666666667,180.0,psig,25.28434129955889,32.22222222222222;;;;;;
PALA0253,PALA0253,-74.51070074,6.10180787,PALAGUA,7.889333333333334,150.0,psig,25.28434129955889,32.22222222222222;;;;;;
PALA0254,PALA0254,-74.50720373,6.09897799,PALAGUA,162.0546666666667,160.0,psig,25.28434129955889,32.22222222222222;;;;;;
PALA0255,PALA0255,-74.50758053,6.0963888,PALAGUA,10.23533333333333,190.0,psig,25.28434129955889,32.22222222222222;;;;;;
PALA0256,PALA0256,-74.50670904,6.09301754,PALAGUA,0.1243333333333333,115.0,psig,25.28434129955889,32.22222222222222;;;;;;
PALA0257,PALA0257,-74.50422563,6.0665907,PALAGUA,82.163,100.0,psig,25.28434129955889,32.22222222222222;;;;;;
PALA0258,PALA0258,-74.50425778,6.06669967,PALAGUA,11.571,135.0,psig,25.28434129955889,32.22222222222222;;;;;;
PALA0259,PALA0259,-74.50392474,6.06695086,PALAGUA,0.111,90.0,psig,25.28434129955889,32.22222222222222;;;;;;
PALA0260,PALA0260,-74.50370884,6.06682091,PALAGUA,3.289,90.0,psig,25.28434129955889,32.22222222222222;;;;;;
PALA0261,PALA0261,-74.51551672,6.07668111,PALAGUA,22.51433333333333,80.0,psig,25.28434129955889,32.22222222222222;;;;;;
PALA0263,PALA0263,-74.51407,6.10479166,PALAGUA,8.693333333333333,130.0,psig,25.28434129955889,32.22222222222222;;;;;;
PALA0264,PALA0264,-74.51098701,6.07950031,PALAGUA,57.21766666666667,80.0,psig,25.28434129955889,32.22222222222222;;;;;;
PALA0265,PALA0265,-74.51102205,6.07940336,PALAGUA,0.2493333333333334,80.0,psig,25.28434129955889,32.22222222222222;;;;;;
PALA0267,PALA0267,-74.50785572,6.090426,PALAGUA,321.0246666666666,85.0,psig,25.28434129955889,32.22222222222222;;;;;;
PALA0268,PALA0268,-74.50789571,6.09029938,PALAGUA,49.727,90.0,psig,25.28434129955889,32.22222222222222;;;;;;
PALA0271,PALA0271,-74.51515926,6.10217004,PALAGUA,0.259,280.0,psig,25.28434129955889,32.22222222222222;;;;;;
PALA0272,PALA0272,-74.5183268,6.10193708,PALAGUA,7.024333333333333,200.0,psig,25.28434129955889,32.22222222222222;;;;;;
PALA0274,PALA0274,-74.51416658,6.10482776,PALAGUA,9.872333333333334,145.0,psig,25.28434129955889,32.22222222222222;;;;;;
PALA0276,PALA0276,-74.51031264,6.10118384,PALAGUA,17.38133333333333,210.0,psig,25.28434129955889,32.22222222222222;;;;;;
PALA0277,PALA0277,-74.50326559,6.07960039,PALAGUA,0.047,65.0,psig,25.28434129955889,32.22222222222222;;;;;;
PALA0278,PALA0278,-74.51422001,6.10499332,PALAGUA,24.81,200.0,psig,25.28434129955889,32.22222222222222;;;;;;
PALA0279,PALA0279,-74.51260296,6.0947909,PALAGUA,32.35966666666666,115.0,psig,25.28434129955889,32.22222222222222;;;;;;
PALA0280,PALA0280,-74.51250579,6.09482507,PALAGUA,11.83766666666667,120.0,psig,25.28434129955889,32.22222222222222;;;;;;
PALA0281,PALA0281,-74.5107434,6.09424628,PALAGUA,83.30766666666666,130.0,psig,25.28434129955889,32.22222222222222;;;;;;
PALA0282,PALA0282,-74.51918122,6.09858682,PALAGUA,114.2523333333333,250.0,psig,25.28434129955889,32.22222222222222;;;;;;
PALA0283,PALA0283,-74.51288862,6.08887413,PALAGUA,171.709,110.0,psig,25.28434129955889,32.22222222222222;;;;;;
PALA0284,PALA0284,-74.51020456,6.07675601,PALAGUA,10.81666666666667,80.0,psig,25.28434129955889,32.22222222222222;;;;;;
PALA0285,PALA0285,-74.51392912,6.0816106,PALAGUA,77.08933333333333,70.0,psig,25.28434129955889,32.22222222222222;;;;;;
PALA0286,PALA0286,-74.51635882,6.08649588,PALAGUA,4.319666666666667,100.0,psig,25.28434129955889,32.22222222222222;;;;;;
PALA0287,PALA0287,-74.51520329,6.10226326,PALAGUA,2.564333333333333,150.0,psig,25.28434129955889,32.22222222222222;;;;;;
PALA0288,PALA0288,-74.51505815,6.10218977,PALAGUA,21.284,170.0,psig,25.28434129955889,32.22222222222222;;;;;;
PALA0290,PALA0290,-74.50679593,6.09656869,PALAGUA,0.5386666666666666,140.0,psig,25.28434129955889,32.22222222222222;;;;;;
PALA0291,PALA0291,-74.50746138,6.09626117,PALAGUA,31.54533333333334,190.0,psig,25.28434129955889,32.22222222222222;;;;;;
PALA0292,PALA0292,-74.51934338,6.0985979,PALAGUA,6.212000000000001,230.0,psig,25.28434129955889,32.22222222222222;;;;;;
PALA0293,PALA0293,-74.51926663,6.09852914,PALAGUA,15.74333333333333,180.0,psig,25.28434129955889,32.22222222222222;;;;;;
PALA0294,PALA0294,-74.51909344,6.09857081,PALAGUA,44.50233333333333,300.0,psig,25.28434129955889,32.22222222222222;;;;;;
PALA0295,PALA0295,-74.51265994,6.09487676,PALAGUA,5.308000000000001,115.0,psig,25.28434129955889,32.22222222222222;;;;;;
PALA0297,PALA0297,-74.51831597,6.10183455,PALAGUA,63.69,200.0,psig,25.28434129955889,32.22222222222222;;;;;;
PALA0299,PALA0299,-74.50330598,6.07950559,PALAGUA,6.333,80.0,psig,25.28434129955889,32.22222222222222;;;;;;
PALA0300,PALA0300,-74.50753742,6.09648923,PALAGUA,16.957,300.0,psig,25.28434129955889,32.22222222222222;;;;;;
PALA0301,PALA0301,-74.50787865,6.09052704,PALAGUA,95.909,100.0,psig,25.28434129955889,32.22222222222222;;;;;;
PALA0302,PALA0302,-74.50780978,6.09067448,PALAGUA,0.6916666666666667,140.0,psig,25.28434129955889,32.22222222222222;;;;;;
PALA0303,PALA0303,-74.50771204,6.08177482,PALAGUA,15.91533333333333,300.0,psig,25.28434129955889,32.22222222222222;;;;;;
PALA0304,PALA0304,-74.52015482,6.10627693,PALAGUA,17.54666666666667,100.0,psig,25.28434129955889,32.22222222222222;;;;;;
PALA0305,PALA0305,-74.51456714,6.10839136,PALAGUA,4.214666666666667,150.0,psig,25.28434129955889,32.22222222222222;;;;;;
PALA0306ST2,PALA0306ST2,-74.52094218,6.1086642,PALAGUA,41.03066666666667,120.0,psig,25.28434129955889,32.22222222222222;;;;;;
PALA0307,PALA0307,-74.5037855,6.0668886,PALAGUA,4.845333333333333,90.0,psig,25.28434129955889,32.22222222222222;;;;;;
PALA0308,PALA0308,-74.50670901,6.09301753,PALAGUA,10.86966666666667,115.0,psig,25.28434129955889,32.22222222222222;;;;;;
PALA0309,PALA0309,-74.50446162,6.09530492,PALAGUA,0.07033333333333333,215.0,psig,25.28434129955889,32.22222222222222;;;;;;
PALA0310,PALA0310,-74.51304193,6.0890558,PALAGUA,20.35066666666667,110.0,psig,25.28434129955889,32.22222222222222;;;;;;
PALA0311,PALA0311,-74.51298617,6.08896267,PALAGUA,6.880666666666666,110.0,psig,25.28434129955889,32.22222222222222;;;;;;
PALA0312,PALA0312,-74.51397152,6.08176773,PALAGUA,10.652,70.0,psig,25.28434129955889,32.22222222222222;;;;;;
PALA0313,PALA0313,-74.50379032,6.06693846,PALAGUA,0.2103333333333333,240.0,psig,25.28434129955889,32.22222222222222;;;;;;
PALA0314,PALA0314,-74.51388927,6.08170567,PALAGUA,41.79566666666666,70.0,psig,25.28434129955889,32.22222222222222;;;;;;
PALA0315,PALA0315,-74.51622764,6.08659211,PALAGUA,33.71,100.0,psig,25.28434129955889,32.22222222222222;;;;;;
PALA0316,PALA0316,-74.5141464,6.10501201,PALAGUA,0.02133333333333333,180.0,psig,25.28434129955889,32.22222222222222;;;;;;
PALA0317,PALA0317,-74.51452863,6.10858553,PALAGUA,27.38466666666666,280.0,psig,25.28434129955889,32.22222222222222;;;;;;
PALA0318,PALA0318,-74.51049567,6.10895347,PALAGUA,1.479,220.0,psig,25.28434129955889,32.22222222222222;;;;;;
PALA0319,PALA0319,-74.5103315,6.07531274,PALAGUA,16.068,135.0,psig,25.28434129955889,32.22222222222222;;;;;;
PALA0320,PALA0320,-74.51023333,6.07534419,PALAGUA,91.82633333333334,130.0,psig,25.28434129955889,32.22222222222222;;;;;;
PALA0322,PALA0322,-74.52088402,6.10857907,PALAGUA,0.05666666666666666,110.0,psig,25.28434129955889,32.22222222222222;;;;;;
PALA0323,PALA0323,-74.510289,6.09942691,PALAGUA,47.403,270.0,psig,25.28434129955889,32.22222222222222;;;;;;
PALA0324,PALA0324,-74.50748994,6.09616213,PALAGUA,12.444,150.0,psig,25.28434129955889,32.22222222222222;;;;;;
PALA0325,PALA0325,-74.50457614,6.09552515,PALAGUA,0.263,180.0,psig,25.28434129955889,32.22222222222222;;;;;;
PALA0326,PALA0326,-74.51281126,6.08911521,PALAGUA,1.392333333333333,95.0,psig,25.28434129955889,32.22222222222222;;;;;;
PALA0327,PALA0327,-74.51351564,6.09771837,PALAGUA,141.5966666666667,150.0,psig,25.28434129955889,32.22222222222222;;;;;;
PALA0328,PALA0328,-74.51044554,6.10119919,PALAGUA,44.55433333333334,180.0,psig,25.28434129955889,32.22222222222222;;;;;;
PALA0329,PALA0329,-74.5034482,6.07942663,PALAGUA,20.46933333333333,70.0,psig,25.28434129955889,32.22222222222222;;;;;;
PALA0330,PALA0330,-74.50442394,6.07536409,PALAGUA,106.9913333333333,75.0,psig,25.28434129955889,32.22222222222222;;;;;;
PALA0331,PALA0331,-74.5068047,6.0723263,PALAGUA,7.718333333333334,300.0,psig,25.28434129955889,32.22222222222222;;;;;;
PALA0332,PALA0332,-74.5139985,6.09097221,PALAGUA,6.625666666666667,175.0,psig,25.28434129955889,32.22222222222222;;;;;;
PALA0333,PALA0333,-74.51392617,6.09100935,PALAGUA,74.45733333333332,155.0,psig,25.28434129955889,32.22222222222222;;;;;;
PALA0334,PALA0334,-74.51385384,6.09104648,PALAGUA,122.8546666666667,140.0,psig,25.28434129955889,32.22222222222222;;;;;;
PALA0335,PALA0335,-74.51378151,6.09108361,PALAGUA,6.243333333333334,135.0,psig,25.28434129955889,32.22222222222222;;;;;;
PALA0337,PALA0337,-74.51522413,6.08605824,PALAGUA,10.31133333333333,95.0,psig,25.28434129955889,32.22222222222222;;;;;;
PALA0338,PALA0338,-74.51085407,6.0942504,PALAGUA,106.3933333333333,120.0,psig,25.28434129955889,32.22222222222222;;;;;;
PALA0339,PALA0339,-74.5068047,6.0723263,PALAGUA,34.90033333333334,80.0,psig,25.28434129955889,32.22222222222222;;;;;;
PALA0341,PALA0341,-74.51376564,6.09105445,PALAGUA,8.292333333333334,145.0,psig,25.28434129955889,32.22222222222222;;;;;;
PALA0342,PALA0342,-74.51052334,6.10887243,PALAGUA,0.09666666666666666,180.0,psig,25.28434129955889,32.22222222222222;;;;;;
PALA0343,PALA0343,-74.51008796,6.07587148,PALAGUA,212.895,130.0,psig,25.28434129955889,32.22222222222222;;;;;;
PALA0344,PALA0344,-74.50352441,6.07949651,PALAGUA,158.5153333333333,80.0,psig,25.28434129955889,32.22222222222222;;;;;;
PALA0345,PALA0345,-74.51391041,6.08148339,PALAGUA,306.303,80.0,psig,25.28434129955889,32.22222222222222;;;;;;
PALA0346,PALA0346,-74.50481833,6.10187572,PALAGUA,4.643666666666666,240.0,psig,25.28434129955889,32.22222222222222;;;;;;
PALA0347,PALA0347,-74.52192074,6.10276006,PALAGUA,0.754,270.0,psig,25.28434129955889,32.22222222222222;;;;;;
PALA0349,PALA0349,-74.50500493,6.10160077,PALAGUA,0.1,250.0,psig,25.28434129955889,32.22222222222222;;;;;;
PALA0350,PALA0350,-74.5049329,6.10167444,PALAGUA,3.337333333333333,225.0,psig,25.28434129955889,32.22222222222222;;;;;;
PALA0351,PALA0351,-74.50460791,6.09521895,PALAGUA,4.593666666666667,130.0,psig,25.28434129955889,32.22222222222222;;;;;;
PALA0352,PALA0352,-74.50363429,6.06702696,PALAGUA,8.164,90.0,psig,25.28434129955889,32.22222222222222;;;;;;
PALA0353,PALA0353,-74.5040351,6.06669198,PALAGUA,12.66866666666667,80.0,psig,25.28434129955889,32.22222222222222;;;;;;
PALA0354,PALA0354,-74.5034078,6.07952143,PALAGUA,16.31033333333333,75.0,psig,25.28434129955889,32.22222222222222;;;;;;
PALA0355,PALA0355,-74.50329871,6.07932584,PALAGUA,0.257,70.0,psig,25.28434129955889,32.22222222222222;;;;;;
PALA0356,PALA0356,-74.50469106,6.09515812,PALAGUA,0.3253333333333333,135.0,psig,25.28434129955889,32.22222222222222;;;;;;
PALA0357,PALA0357,-74.50464638,6.09531458,PALAGUA,0.167,160.0,psig,25.28434129955889,32.22222222222222;;;;;;
PALA0358,PALA0358,-74.50312677,6.11035587,PALAGUA,3.541333333333333,340.0,psig,25.28434129955889,32.22222222222222;;;;;;
PALA0359,PALA0359,-74.50310671,6.11045698,PALAGUA,0.025,250.0,psig,25.28434129955889,32.22222222222222;;;;;;
PALA0360,PALA0360,-74.50308673,6.11055809,PALAGUA,2.829666666666667,260.0,psig,25.28434129955889,32.22222222222222;;;;;;
PALA0361,PALA0361,-74.503091,6.11070774,PALAGUA,1.927,190.0,psig,25.28434129955889,32.22222222222222;;;;;;
PALA0362,PALA0362,-74.50307103,6.11080885,PALAGUA,2.563,230.0,psig,25.28434129955889,32.22222222222222;;;;;;
PALA0363,PALA0363,-74.50293276,6.11063389,PALAGUA,39.39966666666667,240.0,psig,25.28434129955889,32.22222222222222;;;;;;
PALA0366,PALA0366,-74.49809412,6.09870721,PALAGUA,8.815333333333333,260.0,psig,25.28434129955889,32.22222222222222;;;;;;
PALA0367,PALA0367,-74.49790124,6.09892275,PALAGUA,9.624333333333334,270.0,psig,25.28434129955889,32.22222222222222;;;;;;
PALA0368,PALA0368,-74.49790902,6.09883268,PALAGUA,0.9616666666666667,250.0,psig,25.28434129955889,32.22222222222222;;;;;;
PALA0369,PALA0369,-74.49800551,6.09872491,PALAGUA,2.464666666666667,270.0,psig,25.28434129955889,32.22222222222222;;;;;;
PALA0370,PALA0370,-74.51412781,6.09096464,PALAGUA,2.115333333333334,140.0,psig,25.28434129955889,32.22222222222222;;;;;;
PALA0371,PALA0371,-74.51952782,6.10356608,PALAGUA,5.968999999999999,230.0,psig,25.28434129955889,32.22222222222222;;;;;;
PALA0372,PALA0372,-74.51209942,6.09837654,PALAGUA,1.204666666666667,220.0,psig,25.28434129955889,32.22222222222222;;;;;;
PALA0373,PALA0373,-74.51479882,6.09631268,PALAGUA,1.529666666666667,300.0,psig,25.28434129955889,32.22222222222222;;;;;;
PALA0374,PALA0374,-74.51487989,6.09635937,PALAGUA,142.6166666666667,140.0,psig,25.28434129955889,32.22222222222222;;;;;;
PALA0375,PALA0375,-74.52195333,6.10295625,PALAGUA,4.303666666666667,140.0,psig,25.28434129955889,32.22222222222222;;;;;;
PALA0376,PALA0376,-74.50658594,6.09320345,PALAGUA,0.04500000000000001,115.0,psig,25.28434129955889,32.22222222222222;;;;;;
PALA0377,PALA0377,-74.5105115,6.10110817,PALAGUA,0.7573333333333333,205.0,psig,25.28434129955889,32.22222222222222;;;;;;
PALA0378,PALA0378,-74.50490203,6.1014748,PALAGUA,40.48,240.0,psig,25.28434129955889,32.22222222222222;;;;;;
PALA0379,PALA0379,-74.50490198,6.10141151,PALAGUA,3.407,250.0,psig,25.28434129955889,32.22222222222222;;;;;;
PALA0380,PALA0380,-74.5050198,6.10189066,PALAGUA,0.625,300.0,psig,25.28434129955889,32.22222222222222;;;;;;
PALA0382,PALA0382,-74.5234496,6.11399253,PALAGUA,75.86166666666666,130.0,psig,25.28434129955889,32.22222222222222;;;;;;
PALA0383,PALA0383,-74.52576691,6.11954263,PALAGUA,40.75933333333333,210.0,psig,25.28434129955889,32.22222222222222;;;;;;
PALA0387,PALA0387,-74.51943934,6.09866671,PALAGUA,1.255333333333333,290.0,psig,25.28434129955889,32.22222222222222;;;;;;
PALA0390,PALA0390,-74.52238942,6.12103743,PALAGUA,16.074,230.0,psig,25.28434129955889,32.22222222222222;;;;;;
PALA0392,PALA0392,-74.5068555,6.10422214,PALAGUA,0.09733333333333333,220.0,psig,25.28434129955889,32.22222222222222;;;;;;
PALA0393,PALA0393,-74.50680134,6.1042674,PALAGUA,0.118,220.0,psig,25.28434129955889,32.22222222222222;;;;;;
PALA0394,PALA0394,-74.50674717,6.10431266,PALAGUA,0.2113333333333333,210.0,psig,25.28434129955889,32.22222222222222;;;;;;
PALA0395,PALA0395,-74.506693,6.10435791,PALAGUA,1.286,230.0,psig,25.28434129955889,32.22222222222222;;;;;;
PALA0397,PALA0397,-74.51006684,6.07578117,PALAGUA,94.40866666666668,135.0,psig,25.28434129955889,32.22222222222222;;;;;;
PALA0401,PALA0401,-74.51215359,6.09834032,PALAGUA,7.049666666666667,145.0,psig,25.28434129955889,32.22222222222222;;;;;;
PALA0402,PALA0402,-74.51529645,6.08612148,PALAGUA,12.40933333333333,90.0,psig,25.28434129955889,32.22222222222222;;;;;;
PALA0406,PALA0406,-74.50325599,6.11051853,PALAGUA,26.29633333333333,260.0,psig,25.28434129955889,32.22222222222222;;;;;;
PALA0408,PALA0408,-74.51601467,6.09377485,PALAGUA,2.539,320.0,psig,25.28434129955889,32.22222222222222;;;;;;
PALA0416,PALA0416,-74.50750607,6.08168791,PALAGUA,2.595,90.0,psig,25.28434129955889,32.22222222222222;;;;;;
PALA0420,PALA0420,-74.50327659,6.07934023,PALAGUA,21.45033333333333,100.0,psig,25.28434129955889,32.22222222222222;;;;;;
PALA0421,PALA0421,-74.50351172,6.07968366,PALAGUA,22.90933333333333,85.0,psig,25.28434129955889,32.22222222222222;;;;;;
PALA0424,PALA0424,-74.50723922,6.06938039,PALAGUA,19.431,100.0,psig,25.28434129955889,32.22222222222222;;;;;;
PALA0427,PALA0427,-74.51286762,6.08904704,PALAGUA,0.9346666666666666,110.0,psig,25.28434129955889,32.22222222222222;;;;;;
PALA0428,PALA0428,-74.50915448,6.08496258,PALAGUA,12.97433333333333,70.0,psig,25.28434129955889,32.22222222222222;;;;;;
PALA0430,PALA0430,-74.50444031,6.07550161,PALAGUA,12.26166666666667,90.0,psig,25.28434129955889,32.22222222222222;;;;;;
PALA0431,PALA0431,-74.50446075,6.07529887,PALAGUA,62.06666666666667,85.0,psig,25.28434129955889,32.22222222222222;;;;;;
PALA0432,PALA0432,-74.50437479,6.07547092,PALAGUA,76.33733333333333,70.0,psig,25.28434129955889,32.22222222222222;;;;;;
PALA0433,PALA0433,-74.51077416,6.10881318,PALAGUA,17.43366666666667,210.0,psig,25.28434129955889,32.22222222222222;;;;;;
PEND0001NH,PENDARE NORTE-1H,-71.83875314,3.79845198,PENDARE NORTE,2653.733333333333,240.0,psig,25.92292359442612,75.55555555555556;;;;;;
PEND0002NH,PENDARE NORTE-2H,-71.83493204,3.77284696,PENDARE NORTE,83.38866666666667,168.0,psig,25.92292359442612,37.77777777777778;;;;;;
PEND0003H,PENDARE-3H,-71.8496184,3.74719856,PENDARE,6250.433333333333,190.0,psig,25.57921504055457,87.77777777777777;;;;;;
PEND0003NH,PENDARE NORTE-3H,-71.84493094,3.78077748,PENDARE NORTE,531.2126666666667,182.0,psig,25.92292359442612,63.333333333333336;;;;;;
PEND0005H,PENDARE-5H,-71.84577742,3.76063005,PENDARE,7303.879333333333,146.0,psig,25.92292359442612,65.55555555555556;;;;;;
PEND0007H,PENDARE-7H,-71.84564396,3.76077476,PENDARE,480.6513333333334,146.0,psig,25.92292359442612,60.0;;;;;;
PEND0008H,PENDARE-8H,-71.84569952,3.7606946,PENDARE,998.2223333333333,146.0,psig,25.92292359442612,63.333333333333336;;;;;;
PEND0009H,PENDARE-9H,-71.86321384,3.75106038,PENDARE,1413.981666666667,128.0,psig,25.92292359442612,55.55555555555556;;;;;;
PEND0011H,PENDARE-11H,-71.86261038,3.75055076,PENDARE,7318.229,112.0,psig,25.92292359442612,15.555555555555555;;;;;;
PEND0012H,PENDARE-12H,-71.86253841,3.75060508,PENDARE,460.6143333333333,126.0,psig,25.92292359442612,63.333333333333336;;;;;;
PEND0013H,PENDARE-13H,-71.84965326,3.74599588,PENDARE,938.3,146.0,psig,25.57921504055457,54.44444444444444;;;;;;
PEND0014H,PENDARE-14H,-71.86313894,3.75114899,PENDARE,479.3316666666667,120.0,psig,25.92292359442612,75.55555555555556;;;;;;
PEND0015H,PENDARE-15H,-71.85989818,3.73730599,PENDARE,479.3316666666667,120.0,psig,25.57921504055457,61.111111111111114;;;;;;
PEND0016H,PENDARE-16H,-71.84964451,3.74628525,PENDARE,1564.096,140.0,psig,25.57921504055457,27.77777777777778;;;;;;
PEND0017H,PENDARE-17H,-71.84964442,3.74617674,PENDARE,1564.096,162.0,psig,25.57921504055457,67.77777777777777;;;;;;
PEND0019H,PENDARE-19H,-71.84964433,3.74607727,PENDARE,1458.127666666667,380.0,psig,25.57921504055457,71.11111111111111;;;;;;
PEND0020H,PENDARE-20H,-71.86305175,3.75119554,PENDARE,908.6096666666667,96.0,psig,25.92292359442612,70.0;;;;;;
PEND0021H,PENDARE-21H,-71.84781812,3.75758997,PENDARE,2437.566666666667,150.0,psig,25.92292359442612,80.0;;;;;;
PEND0022H,PENDARE-22H,-71.86305214,3.75132802,PENDARE,1802.255333333334,110.0,psig,25.92292359442612,62.22222222222222;;;;;;
PEND0023H,PENDARE-23H,-71.84559761,3.7608834,PENDARE,1841.101666666667,150.0,psig,25.92292359442612,62.77777777777778;;;;;;
PEND0024H,PENDARE-24H,-71.86258339,3.75056887,PENDARE,1102.405,100.0,psig,25.92292359442612,71.11111111111111;;;;;;
PEND0025H,PENDARE-25H,-71.86247545,3.7506594,PENDARE,524.3216666666666,132.0,psig,25.92292359442612,57.22222222222222;;;;;;
PEND0026H,PENDARE-26H,-71.84798027,3.75773451,PENDARE,1932.846666666667,134.0,psig,25.92292359442612,15.555555555555555;;;;;;
PEND0027H,PENDARE-27H,-71.84965309,3.74580599,PENDARE,1270.008666666667,146.0,psig,25.57921504055457,54.44444444444444;;;;;;
PEND0028H,PENDARE-28H,-71.84965318,3.74590545,PENDARE,1682.457333333333,155.0,psig,25.57921504055457,63.333333333333336;;;;;;
PEND0029H,PENDARE-29H,-71.86601039,3.75775453,PENDARE,1187.144333333333,140.0,psig,25.92292359442612,55.55555555555556;;;;;;
PEND0030H,PENDARE-30H,-71.84794659,3.75771293,PENDARE,1048.810666666667,148.0,psig,25.92292359442612,67.77777777777777;;;;;;
PEND0031H,PENDARE-31H,-71.84807938,3.75783389,PENDARE,749.1926666666666,140.0,psig,25.92292359442612,64.44444444444444;;;;;;
PEND0032H,PENDARE-32H,-71.84814136,3.75789279,PENDARE,942.8273333333333,140.0,psig,25.92292359442612,68.33333333333333;;;;;;
PEND0033H,PENDARE-33H,-71.84820604,3.75795269,PENDARE,1091.050333333333,140.0,psig,25.92292359442612,61.111111111111114;;;;;;
PEND0034H,PENDARE-34H,-71.84965301,3.74571556,PENDARE,6986.782666666667,150.0,psig,25.57921504055457,63.333333333333336;;;;;;
PEND0036H,PENDARE-36H,-71.8747413,3.74750286,PENDARE,2449.559666666667,160.0,psig,25.57921504055457,72.22222222222223;;;;;;
PEND0038H,PENDARE-38H,-71.86335068,3.75108722,PENDARE,2860.778666666667,112.0,psig,25.92292359442612,60.0;;;;;;
PLTL0001C,PLATANILLO_CENTRAL-01,-76.288187,0.497485,PLATANILLO,446.56,2000.0,psig,24.78118253950365,67.56666666666666;;;;;;
PLTL0002ST1,PLATANILLO-2 ST1,-76.2885,0.469745,PLATANILLO,2340.11,3512.5,psig,24.78118253950365,86.11111111111111;;;;;;
PLTL0003,PLATANILLO-3,-76.289865,0.44134,PLATANILLO,2355.2,3900.0,psig,24.78118253950365,79.89444444444445;;;;;;
PLTL0008,PLATANILLO-8,-76.291538,0.452412,PLATANILLO,1856.31,3957.14,psig,24.78118253950365,84.44444444444444;;;;;;
PLTL0011,PLATANILLO-11,-76.291292,0.452064,PLATANILLO,3125.29,3725.0,psig,24.78118253950365,85.33333333333333;;;;;;
PLTL0018,PLATANILLO-18,-76.290141,0.441711,PLATANILLO,2001.48,3800.0,psig,24.78118253950365,78.83333333333333;;;;;;
PLTL0020,PLATANILLO-20,-76.291485,0.452325,PLATANILLO,1517.85,3871.42,psig,24.78118253950365,85.44444444444444;;;;;;
PLTL0024,PLATANILLO-24,-76.28799,0.497381,PLATANILLO,2783.46,3100.0,psig,24.78118253950365,74.28333333333335;;;;;;
PLTL0026,PLATANILLO-26,-76.288088,0.497274,PLATANILLO,889.16,2800.0,psig,24.78118253950365,74.33333333333333;;;;;;
QUIF0156,QUIFA-156,-71.58921942,3.71298448,QUIFA,549.56,155.3041,psig,25.57921504055457,59.44444444444444;;;;;;
QUIF0283HST3,QF-283H-ST3,-71.64546047,3.69372984,QUIFA SW,8905.786666666665,226.0,psig,25.57921504055457,62.77777777777778;;;;;;
QUIF0760H,QF-760H,-71.59529261,3.80653634,QUIFA SW,8984.78,158.0,psig,25.92292359442612,61.111111111111114;;;;;;
QUIF0811H,QF-811H,-71.64497548,3.72028129,QUIFA SW,8108.456666666667,180.0,psig,25.57921504055457,61.111111111111114;;;;;;
QUIF0814H,QF-814H,-71.65786196,3.70076744,QUIFA SW,8077.413333333333,216.0,psig,25.57921504055457,62.77777777777778;;;;;;
QUIF0821H,QF-821H,-71.65463837,3.71847755,QUIFA SW,6318.743333333333,166.0,psig,25.57921504055457,64.44444444444444;;;;;;
QUIF0834H,QF-834H,-71.65892994,3.75498973,QUIFA SW,6861.306666666667,135.0,psig,25.92292359442612,65.0;;;;;;
QUIF0838H,QF-838H,-71.57048642,3.68641504,QUIFA SW,7879.586666666667,182.0,psig,25.57921504055457,61.666666666666664;;;;;;
QUIF0840H,QF-840H,-71.54898951,3.73410147,QUIFA SW,8564.216666666667,172.0,psig,25.38932855834548,62.77777777777778;;;;;;
QUIF0852H,QF-852H,-71.65790593,3.7008271,QUIFA SW,8677.2,230.0,psig,25.57921504055457,61.111111111111114;;;;;;
QUIF0867H,QF-867H,-71.65016224,3.73707051,QUIFA SW,10319.84,186.0,psig,25.57921504055457,63.888888888888886;;;;;;
QUIF0869H,QF-869H,-71.63216494,3.74686651,QUIFA SW,7779.476666666666,140.0,psig,25.57921504055457,63.333333333333336;;;;;;
QUIF0874H,QF-874H,-71.56706969,3.7136243,QUIFA SW,7384.633333333333,210.0,psig,25.57921504055457,62.22222222222222;;;;;;
QUIF0876H,QF-876H,-71.60464577,3.76110808,QUIFA SW,10409.15666666667,135.0,psig,25.92292359442612,63.888888888888886;;;;;;
QUIF0885H,QF-885H,-71.56481575,3.73615732,QUIFA SW,7485.913333333333,174.0,psig,25.57921504055457,62.22222222222222;;;;;;
QUIF0889H,QF-889H,-71.60624789,3.71561216,QUIFA SW,8672.396666666666,192.0,psig,25.57921504055457,63.333333333333336;;;;;;
QUIF0895H,QF-895H,-71.60423579,3.76091282,QUIFA SW,8842.71,144.0,psig,25.92292359442612,61.111111111111114;;;;;;
QUIF0898H,QF-898H,-71.61228283,3.74810957,QUIFA SW,7475.38,154.0,psig,25.57921504055457,62.77777777777778;;;;;;
QUIF0899H,QF-899H,-71.62073289,3.75552278,QUIFA SW,7505.586666666667,142.0,psig,25.92292359442612,62.77777777777778;;;;;;
QUIN0004,QUINDE-4,-76.58027,0.417207,QUINDE,0.26,29.0,psig,22.61042751860522,63.611111111111114;;;;;;
QUIN0006,QUINDE-6,-76.58027,0.417077,QUINDE,0.25,25.0,psig,22.61042751860522,61.55555555555556;;;;;;
QURI0003,QURIYANA-3,-77.09955664,0.55018133,OCCIDENTE,591.43,330.0,psig,22.61042751860522,84.44444444444444;;;;;;
RANH0001D,RANCHO QUEMADO D-1,-71.90161259,4.33507901,RANCHO QUEMADO,1286.45,75.0,psig,26.43734638856859,85.0;;;;;;
REVA0011,REVANCHA-11,-74.87263432,3.83212982,MATACHIN SUR,469.54,204.0,psig,26.09968146587817,44.44444444444444;;;;;;
ROSE0001ST1,ROSE-1-ST1,-76.568109,0.53496,,1.07,2974.93,psig,22.61042751860522,61.94444444444444;;;;;;
RUBI0010,RUBIALES-10,-71.44492366,3.76700568,RUBIALES,1229.82,95.0,psig,25.85860577685652,64.44444444444444;;;;;;
RUBI0031,RUBIALES-31,-71.561969,3.852086,RUBIALES,5165.23096774,120.0,psig,25.85860577685652,65.0;;;;;;
RUBI0040,RUBIALES-40,-71.432184,3.795433,RUBIALES,1923.32129032,220.0,psig,25.85860577685652,63.888888888888886;;;;;;
RUBI0047,RUBIALES-47,-71.4250532,3.78016644,RUBIALES,5468.79096774,110.0,psig,25.85860577685652,66.94444444444444;;;;;;
RUBI0104,RUBIALES-104,-71.41818826,3.7664781,PIRIRI,6715.41,150.0,psig,25.85860577685652,71.22222222222223;;;;;;
RUBI0117,RUBIALES-117,-71.47184222,3.76813771,RUBIALES,1340.75774194,142.0,psig,25.85860577685652,66.11111111111111;;;;;;
RUBI0140,RUBIALES-140,-71.39207126,3.80837807,RUBIALES,5090.0352381,90.0,psig,25.85860577685652,68.16666666666667;;;;;;
RUBI0150,RUBIALES-150,-71.50363904,3.73285529,RUBIALES,1610.15,190.0,psig,25.38932855834548,60.55555555555556;;;;;;
RUBI0165,RUBIALES-165,-71.48360921,3.75010995,RUBIALES,8045.80419355,180.0,psig,25.85860577685652,63.333333333333336;;;;;;
RUBI1050,RUBIALES-1050,-71.4138081,3.80235183,RUBIALES,1243.3,80.0,psig,25.85860577685652,63.5;;;;;;
RZUL0003,RIO ZULIA-3,-72.449475,8.198166,RIO ZULIA,9.71,3100.0,psig,26.42791140341841,46.111111111111114;;;;;;
RZUL0006,RIO ZULIA-6,-72.444211,8.205255,RIO ZULIA,1.33,3200.0,psig,26.42791140341841,51.666666666666664;;;;;;
RZUL0021,RIO ZULIA-21,-72.452292,8.219058,RIO ZULIA,727.12,3300.0,psig,26.42791140341841,60.0;;;;;;
RZUL0028,RIO ZULIA-28,-72.446642,8.203571,RIO ZULIA,2.63,3100.0,psig,26.42791140341841,43.333333333333336;;;;;;
RZUL0029,RIO ZULIA-29,-72.444573,8.207908,RIO ZULIA,1098.02,3200.0,psig,26.42791140341841,61.111111111111114;;;;;;
RZUL0031,RIO ZULIA-31,-72.438143,8.22238,RIO ZULIA,191.62,3300.0,psig,26.42791140341841,58.888888888888886;;;;;;
RZUL0032GL,RIO ZULIA-32 GL,-72.454827,8.206055,RIO ZULIA,127.45,3250.0,psig,26.42791140341841,45.55555555555556;;;;;;
RZUL0033,RIO ZULIA-33,-72.448967,8.20135,RIO ZULIA,59.91,3200.0,psig,26.42791140341841,47.77777777777778;;;;;;
SABN0024D,SABANERO-24D,-71.22966804,4.11746087,SABANERO,2567.01,54.0,psig,25.85860577685652,65.55555555555556;;;;;;
SLUC0002,SANTA LUCIA-2,-73.658425,7.799644,SANTA LUCIA,93.87677419,28.0,psig,26.91826214887696,32.22222222222222;;;;;;
SUCI0001,SUCI0001,-77.02645433,0.61942199,SUCIO,739.0743333333334,245.0,psig,22.61042751860522,54.44444444444444;;;;;;
TATI0001,TAPITI-1,-72.692238,4.777932,CANAGUAY,48.53,3750.0,psig,25.93526414293959,43.333333333333336;;;;;;
TECA0016,TECA0016,-74.59084725,6.0578361,TECA-COCORNA,329.1363333333333,100.0,psig,25.28434129955889,55.55555555555556;;;;;;
TECA0027,TECA0027,-74.59042192,6.06058876,TECA-COCORNA,735.6663333333333,180.0,psig,25.28434129955889,83.88888888888889;;;;;;
TECA0081,TECA0081,-74.58408777,6.06686897,TECA-COCORNA,158.7846666666667,200.0,psig,25.28434129955889,51.666666666666664;;;;;;
TECA0088,TECA0088,-74.59608223,6.06831795,TECA-COCORNA,169.3883333333333,120.0,psig,25.28434129955889,54.44444444444444;;;;;;
TECA0096,TECA0096,-74.58284666,6.07090414,TECA-COCORNA,168.6776666666667,160.0,psig,25.28434129955889,50.55555555555556;;;;;;
TECA0106,TECA0106,-74.58156852,6.07217126,TECA-COCORNA,24.099,180.0,psig,25.28434129955889,47.77777777777778;;;;;;
TECA0107,TECA0107,-74.57910645,6.0722018,TECA-COCORNA,22.697,200.0,psig,25.28434129955889,65.0;;;;;;
TECA0108,TECA0108,-74.58027622,6.07339205,TECA-COCORNA,107.164,180.0,psig,25.28434129955889,50.0;;;;;;
TECA0127,TECA0127,-74.60296791,6.03991394,TECA-COCORNA,73.563,180.0,psig,25.28434129955889,57.77777777777778;;;;;;
TECA0141,TECA0141,-74.59693099,6.07207196,TECA-COCORNA,164.222,150.0,psig,25.28434129955889,51.111111111111114;;;;;;
TECA0204,TECA0204,-74.59441744,6.04053023,TECA-COCORNA,4.813333333333333,220.0,psig,25.28434129955889,38.888888888888886;;;;;;
TECA0209,TECA0209,-74.59803061,6.03829672,TECA-COCORNA,47.788,200.0,psig,25.28434129955889,105.55555555555556;;;;;;
TECA0216,TECA0216,-74.59768618,6.03645241,TECA-COCORNA,152.394,200.0,psig,25.28434129955889,43.333333333333336;;;;;;
TECA0265,TECA0265,-74.60368563,6.03895024,TECA-COCORNA,111.443,180.0,psig,25.28434129955889,38.333333333333336;;;;;;
TECA0302,TECA0302,-74.58428077,6.07342674,TECA-COCORNA,313.6273333333333,180.0,psig,25.28434129955889,53.888888888888886;;;;;;
TECA0306,TECA0306,-74.58289185,6.07213838,TECA-COCORNA,41.57833333333333,160.0,psig,25.28434129955889,72.22222222222223;;;;;;
TECA0345,TECA0345,-74.5892804,6.06060454,TECA-COCORNA,686.253,183.0,psig,25.28434129955889,72.22222222222223;;;;;;
TECA0348A,TECA0348A,-74.59057488,6.05935773,TECA-COCORNA,762.7146666666666,180.0,psig,25.28434129955889,71.11111111111111;;;;;;
TECA0363,TECA0363,-74.59744574,6.0554223,TECA-COCORNA,207.1323333333333,180.0,psig,25.28434129955889,70.55555555555556;;;;;;
TECA0514,TECA0514,-74.59524822,6.0379162,TECA-COCORNA,216.6553333333333,220.0,psig,25.28434129955889,43.888888888888886;;;;;;
TECA0516,TECA0516,-74.59877475,6.03719397,TECA-COCORNA,481.4933333333333,200.0,psig,25.28434129955889,130.0;;;;;;
TECA0518,TECA0518,-74.60223369,6.0348939,TECA-COCORNA,484.2336666666667,240.0,psig,25.28434129955889,48.888888888888886;;;;;;
TECA0525,TECA0525,-74.60005259,6.03338367,TECA-COCORNA,587.1786666666667,240.0,psig,25.28434129955889,60.55555555555556;;;;;;
TECA0526,TECA0526,-74.60174517,6.03291862,TECA-COCORNA,399.9893333333333,220.0,psig,25.28434129955889,46.111111111111114;;;;;;
TECA0529,TECA0529,-74.60142787,6.03111611,TECA-COCORNA,456.988,220.0,psig,25.28434129955889,54.44444444444444;;;;;;
TECA0530,TECA0530,-74.59959748,6.03151234,TECA-COCORNA,488.1013333333333,200.0,psig,25.28434129955889,43.333333333333336;;;;;;
TECA1000,TECA1000,-74.58898653,6.05902015,TECA-COCORNA,1291.355333333333,120.0,psig,25.28434129955889,80.55555555555556;;;;;;
TECA1022,TECA1022,-74.59160991,6.059159,TECA-COCORNA,131.8,180.0,psig,25.28434129955889,81.66666666666667;;;;;;
TOLD0001,TOLDADO-1,-75.285403,3.873592,TOLDADO,6513.78548387,50.0,psig,26.09968146587817,48.888888888888886;;;;;;
TRON0001,TRONCO-1,-74.59105664,6.08102042,UNDERRIVER,3.401666666666666,100.0,psig,25.28434129955889,35.0;;;;;;
TRON0002,TRONCO-2,-74.58183251,6.07980613,UNDERRIVER,28.40966666666667,120.0,psig,25.28434129955889,60.0;;;;;;
TRON0003,TRONCO-3,-74.58461775,6.09263458,UNDERRIVER,0.206,120.0,psig,25.28434129955889,53.611111111111114;;;;;;
TRON0004,TRONCO-4,-74.58887181,6.10438897,UNDERRIVER,0.7656666666666666,90.0,psig,25.28434129955889,36.111111111111114;;;;;;
TSEN0002A,TORO SENTADO-2A,-71.87773847,4.33554974,TORO SENTADO,350.09,100.0,psig,26.43734638856859,84.44444444444444;;;;;;
TSEN0003N,TORO SENTADO NORTE-3,-71.85458319,4.36115147,TORO SENTADO NORTE,1340.5,45.0,psig,26.43734638856859,64.44444444444444;;;;;;
TULP0004,TULIPAN  4,-71.29953867,5.4210788,TULIPAN,3080.239,120.0,psig,27.99219308481821,71.11111111111111;;;;;;
TULP0005,TULIPAN  5,-71.29936245,5.42082765,TULIPAN,3968.564666666667,70.0,psig,27.99219308481821,90.55555555555556;;;;;;
TULP0006,TULIPAN  6,-71.29952568,5.42072625,TULIPAN,4638.519,70.0,psig,27.99219308481821,75.55555555555556;;;;;;
TULP0008,TULIPAN  8,-71.29966849,5.42126794,TULIPAN,25.348,50.0,psig,27.99219308481821,93.33333333333333;;;;;;
TUPS0003ST,TURPIALES - 3ST,-74.55057827,6.0313968,TURPIAL,15.725,8.0,psig,25.28434129955889,35.0;;;;;;
VALD0004,VALDIVIA-4,-72.66193031,3.90660503,VALDIVIA,6419.54,18.3041,psig,26.09435872238951,92.77777777777777;;;;;;
VENG0030,VENGANZA-30,-74.86730283,3.86524645,MATACHIN NORTE,292.73,510.0,psig,26.09968146587817,43.333333333333336;;;;;;
VENU0002A,VENUS 2A,-72.96654816,3.52338712,VENUS,1056.635333333333,31.0,psig,25.361458272368,75.83333333333333;;;;;;
YARI0018D,YARI0018D,-73.91258651,7.36715017,YARIGUI-CANTAGALLO,14.09433333333333,90.0,psig,27.58407075573426,37.77777777777778;;;;;;
YARI0029D,YARI0029D,-73.89384155,7.40176187,YARIGUI-CANTAGALLO,7.698,50.0,psig,27.58407075573426,37.77777777777778;;;;;;
YARI0039D,YARI0039D,-73.89787546,7.38577587,YARIGUI-CANTAGALLO,14.537,100.0,psig,27.58407075573426,37.77777777777778;;;;;;
YARI0054D,YARI0054D,-73.90819845,7.37692311,YARIGUI-CANTAGALLO,22.284,60.0,psig,27.58407075573426,37.77777777777778;;;;;;
YARI0061D,YARI0061D,-73.90820692,7.37698415,YARIGUI-CANTAGALLO,0.3386666666666667,70.0,psig,27.58407075573426,37.77777777777778;;;;;;
YARI0064D,YARI0064D,-73.89470917,7.40238953,YARIGUI-CANTAGALLO,1048.764333333333,41.0,psig,27.58407075573426,37.77777777777778;;;;;;
YARI0065D,YARI0065D,-73.89601383,7.39058102,YARIGUI-CANTAGALLO,197.0,82.0,psig,27.58407075573426,37.77777777777778;;;;;;
YARI0067D,YARI0067D,-73.89464684,7.4025127,YARIGUI-CANTAGALLO,1390.928666666667,70.0,psig,27.58407075573426,37.77777777777778;;;;;;
YARI0068D,YARI0068D,-73.89557558,7.39905898,YARIGUI-CANTAGALLO,655.8616666666666,100.0,psig,27.58407075573426,37.77777777777778;;;;;;
YARI0116D,YARI0116D,-73.91871303,7.37101,YARIGUI-CANTAGALLO,1827.067333333333,124.0,psig,27.58407075573426,37.77777777777778;;;;;;
YARI0145H,YARI0145H,-73.91684849,7.37379848,YARIGUI-CANTAGALLO,2.872,120.0,psig,27.58407075573426,37.77777777777778;;;;;;
YARI0150,YARI0150,-73.8964834,7.38486399,YARIGUI-CANTAGALLO,114.8733333333333,109.0,psig,27.58407075573426,37.77777777777778;;;;;;
YARI0185,YARI0185,-73.89593379,7.39148886,YARIGUI-CANTAGALLO,811.0943333333333,114.0,psig,27.58407075573426,37.77777777777778;;;;;;
YARI0186,YARI0186,-73.89602029,7.39151593,YARIGUI-CANTAGALLO,811.1986666666667,100.0,psig,27.58407075573426,37.77777777777778;;;;;;
YARI0187,YARI0187,-73.89645783,7.3849507,YARIGUI-CANTAGALLO,843.1236666666666,110.0,psig,27.58407075573426,37.77777777777778;;;;;;
YARI0188,YARI0188,-73.90769718,7.37318738,YARIGUI-CANTAGALLO,201.9486666666667,50.0,psig,27.58407075573426,37.77777777777778;;;;;;
YARI0189,YARI0189,-73.90767897,7.37344959,YARIGUI-CANTAGALLO,190.2636666666667,100.0,psig,27.58407075573426,37.77777777777778;;;;;;
YARI0190,YARI0190,-73.90768806,7.37336822,YARIGUI-CANTAGALLO,24.599,80.0,psig,27.58407075573426,37.77777777777778;;;;;;
YARI0196,YARI0196,-73.90768809,7.3732778,YARIGUI-CANTAGALLO,13.45366666666667,72.0,psig,27.58407075573426,37.77777777777778;;;;;;
YARI0201,YARI0201,-73.92212172,7.34665972,YARIGUI-CANTAGALLO,126.758,100.0,psig,27.58407075573426,37.77777777777778;;;;;;
